2025-12-02 16:15:49,649 - modules.regulatorisk_modul - INFO - Regulatorisk modul initierad
2025-12-02 16:15:49,650 - modules.risk_workshop_modul - INFO - Risk Workshop-modul initierad
2025-12-02 16:15:49,650 - modules.api_sakerhet_modul - INFO - API-säkerhetsmodul initierad
2025-12-02 16:15:49,651 - __main__ - ERROR - Oväntad exception
Traceback (most recent call last):
  File "C:\Users\ÄGARE\Documents\Chas\neab_security_assessment\huvudskript_v2.py", line 440, in main
    resultat = assessment.kor_komplett_analys()
  File "C:\Users\ÄGARE\Documents\Chas\neab_security_assessment\huvudskript_v2.py", line 123, in kor_komplett_analys
    self._init_modules()
    ~~~~~~~~~~~~~~~~~~^^
  File "C:\Users\ÄGARE\Documents\Chas\neab_security_assessment\huvudskript_v2.py", line 103, in _init_modules
    self.rapport_generator = RapportGenerator(self.output_dir)
                             ~~~~~~~~~~~~~~~~^^^^^^^^^^^^^^^^^
TypeError: RapportGenerator.__init__() missing 1 required positional argument: 'output_dir'
2025-12-02 16:18:05,116 - modules.regulatorisk_modul - INFO - Regulatorisk modul initierad
2025-12-02 16:18:05,117 - modules.risk_workshop_modul - INFO - Risk Workshop-modul initierad
2025-12-02 16:18:05,117 - modules.api_sakerhet_modul - INFO - API-säkerhetsmodul initierad
2025-12-02 16:18:05,117 - modules.rapport_generator - INFO - RapportGenerator initierad - Output: C:\Users\ÄGARE\Documents\Chas\neab_security_assessment\data\output\20251202_161804
2025-12-02 16:18:05,118 - __main__ - ERROR - Fel i regulatorisk modul
Traceback (most recent call last):
  File "C:\Users\ÄGARE\Documents\Chas\neab_security_assessment\huvudskript_v2.py", line 161, in kor_komplett_analys
    regulatorisk_data = self.regulatorisk_modul.genomför_kartläggning()
                        ^^^^^^^^^^^^^^^^^^^^^^^^^^^^^^^^^^^^^^^^^^^^^
AttributeError: 'RegulatoriskAnalys' object has no attribute 'genomför_kartläggning'
2025-12-02 16:18:05,120 - __main__ - ERROR - Fel i risk workshop
Traceback (most recent call last):
  File "C:\Users\ÄGARE\Documents\Chas\neab_security_assessment\huvudskript_v2.py", line 188, in kor_komplett_analys
    risk_data = self.risk_workshop.genomför_workshop()
                ~~~~~~~~~~~~~~~~~~~~~~~~~~~~~~~~~~~~^^
TypeError: RiskWorkshop.genomför_workshop() missing 2 required positional arguments: 'input_data' and 'regulatorisk_data'
2025-12-02 16:18:05,122 - __main__ - ERROR - Fel i mitigering
Traceback (most recent call last):
  File "C:\Users\ÄGARE\Documents\Chas\neab_security_assessment\huvudskript_v2.py", line 218, in kor_komplett_analys
    mitigering_data = self.risk_workshop.generera_atgardsplan(resultat.get('risk', {}))
                      ^^^^^^^^^^^^^^^^^^^^^^^^^^^^^^^^^^^^^^^
AttributeError: 'RiskWorkshop' object has no attribute 'generera_atgardsplan'. Did you mean: 'generera_åtgärdsplan'?
2025-12-02 16:18:05,124 - __main__ - ERROR - Fel i API-analys
Traceback (most recent call last):
  File "C:\Users\ÄGARE\Documents\Chas\neab_security_assessment\huvudskript_v2.py", line 232, in kor_komplett_analys
    api_data = self.api_sakerhet.analysera()
               ^^^^^^^^^^^^^^^^^^^^^^^^^^^
AttributeError: 'APISakerhetAnalys' object has no attribute 'analysera'
2025-12-02 17:24:06,254 - modules.regulatorisk_modul - INFO - Regulatorisk modul initierad
2025-12-02 17:24:06,254 - modules.risk_workshop_modul - INFO - Risk Workshop-modul initierad
2025-12-02 17:24:06,255 - modules.api_sakerhet_modul - INFO - API-säkerhetsmodul initierad
2025-12-02 17:24:06,255 - modules.rapport_generator - INFO - RapportGenerator initierad - Output: C:\Users\ÄGARE\Documents\Chas\neab_security_assessment\data\output\20251202_172405
2025-12-02 17:24:06,256 - __main__ - ERROR - Fel i risk workshop
Traceback (most recent call last):
  File "C:\Users\ÄGARE\Documents\Chas\neab_security_assessment\huvudskript_v2.py", line 210, in kor_komplett_analys
    risk_data = self.risk_workshop.genomför_workshop(self.input_loader.get_all_data())
                ~~~~~~~~~~~~~~~~~~~~~~~~~~~~~~~~~~~~^^^^^^^^^^^^^^^^^^^^^^^^^^^^^^^^^^
TypeError: RiskWorkshop.genomför_workshop() missing 1 required positional argument: 'regulatorisk_data'
2025-12-02 17:24:06,258 - __main__ - ERROR - Fel i mitigering
Traceback (most recent call last):
  File "C:\Users\ÄGARE\Documents\Chas\neab_security_assessment\huvudskript_v2.py", line 251, in kor_komplett_analys
    mitigering_data = self.risk_workshop.generera_åtgärdsplan(resultat.get('risk', {}))
                      ~~~~~~~~~~~~~~~~~~~~~~~~~~~~~~~~~~~~~~~^^^^^^^^^^^^^^^^^^^^^^^^^^
TypeError: RiskWorkshop.generera_åtgärdsplan() missing 1 required positional argument: 'regulatorisk_data'
2025-12-02 17:24:06,260 - modules.api_sakerhet_modul - INFO - Startar API-säkerhetsanalys...
2025-12-02 17:24:06,260 - modules.api_sakerhet_modul - INFO - API-analys klar: 4 scenarios analyserade
2025-12-02 17:24:06,261 - modules.rapport_generator - INFO - Genererar komplett rapportpaket...
2025-12-02 18:28:31,746 - modules.regulatorisk_modul - INFO - Regulatorisk modul initierad
2025-12-02 18:28:31,747 - modules.risk_workshop_modul - INFO - Risk Workshop-modul initierad
2025-12-02 18:28:31,748 - modules.api_sakerhet_modul - INFO - API-säkerhetsmodul initierad
2025-12-02 18:28:31,748 - modules.rapport_generator - INFO - RapportGenerator initierad - Output: C:\Users\ÄGARE\Documents\Chas\neab_security_assessment\data\output\20251202_182830
2025-12-02 18:28:31,750 - __main__ - INFO - Tillgängliga metoder i RegulatoriskAnalys: cer_krav, config, dora_krav, gdpr_krav, kartlägg_krav, nationella_krav, nis2_krav, organisation
2025-12-02 18:28:31,752 - modules.risk_workshop_modul - INFO - Startar riskworkshop...
2025-12-02 18:28:31,752 - modules.risk_workshop_modul - INFO - Workshop klar: 25 risker identifierade
2025-12-02 18:28:31,753 - modules.risk_workshop_modul - INFO - Genererar åtgärdsplan...
2025-12-02 18:28:31,754 - modules.risk_workshop_modul - INFO - Åtgärdsplan klar: 10 åtgärder
2025-12-02 18:28:31,755 - modules.api_sakerhet_modul - INFO - Startar API-säkerhetsanalys...
2025-12-02 18:28:31,755 - modules.api_sakerhet_modul - INFO - API-analys klar: 4 scenarios analyserade
2025-12-02 18:28:31,756 - modules.rapport_generator - INFO - Genererar komplett rapportpaket...
2025-12-02 18:31:31,661 - modules.regulatorisk_modul - INFO - Regulatorisk modul initierad
2025-12-02 18:31:31,661 - modules.risk_workshop_modul - INFO - Risk Workshop-modul initierad
2025-12-02 18:31:31,662 - modules.api_sakerhet_modul - INFO - API-säkerhetsmodul initierad
2025-12-02 18:31:31,662 - modules.rapport_generator - INFO - RapportGenerator initierad - Output: C:\Users\ÄGARE\Documents\Chas\neab_security_assessment\data\output\20251202_183131
2025-12-02 18:31:31,666 - __main__ - INFO - Tillgängliga metoder i RegulatoriskAnalys: cer_krav, config, dora_krav, gdpr_krav, kartlägg_krav, nationella_krav, nis2_krav, organisation
2025-12-02 18:31:31,666 - modules.regulatorisk_modul - INFO - Startar regulatorisk kartläggning...
2025-12-02 18:31:31,667 - modules.regulatorisk_modul - INFO - Kartläggning klar: 9 krav analyserade
2025-12-02 18:31:31,669 - modules.risk_workshop_modul - INFO - Startar riskworkshop...
2025-12-02 18:31:31,669 - modules.risk_workshop_modul - INFO - Workshop klar: 32 risker identifierade
2025-12-02 18:31:31,670 - modules.risk_workshop_modul - INFO - Genererar åtgärdsplan...
2025-12-02 18:31:31,671 - modules.risk_workshop_modul - INFO - Åtgärdsplan klar: 15 åtgärder
2025-12-02 18:31:31,672 - modules.api_sakerhet_modul - INFO - Startar API-säkerhetsanalys...
2025-12-02 18:31:31,672 - modules.api_sakerhet_modul - INFO - API-analys klar: 4 scenarios analyserade
2025-12-02 18:31:31,673 - modules.rapport_generator - INFO - Genererar komplett rapportpaket...
2025-12-02 18:31:31,681 - __main__ - WARNING - generera_komplett_paket misslyckades: unsupported operand type(s) for /: 'str' and 'str'
2025-12-02 18:36:30,399 - modules.regulatorisk_modul - INFO - Regulatorisk modul initierad
2025-12-02 18:36:30,399 - modules.risk_workshop_modul - INFO - Risk Workshop-modul initierad
2025-12-02 18:36:30,400 - modules.api_sakerhet_modul - INFO - API-säkerhetsmodul initierad
2025-12-02 18:36:30,400 - modules.rapport_generator - INFO - RapportGenerator initierad - Output: C:\Users\ÄGARE\Documents\Chas\neab_security_assessment\data\output\20251202_183629
2025-12-02 18:36:30,402 - __main__ - INFO - Tillgängliga metoder i RegulatoriskAnalys: cer_krav, config, dora_krav, gdpr_krav, kartlägg_krav, nationella_krav, nis2_krav, organisation
2025-12-02 18:36:30,402 - modules.regulatorisk_modul - INFO - Startar regulatorisk kartläggning...
2025-12-02 18:36:30,403 - modules.regulatorisk_modul - INFO - Kartläggning klar: 9 krav analyserade
2025-12-02 18:36:30,404 - modules.risk_workshop_modul - INFO - Startar riskworkshop...
2025-12-02 18:36:30,405 - modules.risk_workshop_modul - INFO - Workshop klar: 32 risker identifierade
2025-12-02 18:36:30,406 - modules.risk_workshop_modul - INFO - Genererar åtgärdsplan...
2025-12-02 18:36:30,406 - modules.risk_workshop_modul - INFO - Åtgärdsplan klar: 15 åtgärder
2025-12-02 18:36:30,407 - modules.api_sakerhet_modul - INFO - Startar API-säkerhetsanalys...
2025-12-02 18:36:30,408 - modules.api_sakerhet_modul - INFO - API-analys klar: 4 scenarios analyserade
2025-12-02 18:36:30,408 - modules.rapport_generator - INFO - Genererar komplett rapportpaket...
2025-12-02 18:36:30,415 - __main__ - WARNING - generera_komplett_paket misslyckades: unsupported operand type(s) for /: 'str' and 'str'
2025-12-02 18:37:33,115 - modules.regulatorisk_modul - INFO - Regulatorisk modul initierad
2025-12-02 18:37:33,115 - modules.risk_workshop_modul - INFO - Risk Workshop-modul initierad
2025-12-02 18:37:33,116 - modules.api_sakerhet_modul - INFO - API-säkerhetsmodul initierad
2025-12-02 18:37:33,116 - modules.rapport_generator - INFO - RapportGenerator initierad - Output: C:\Users\ÄGARE\Documents\Chas\neab_security_assessment\data\output\20251202_183732
2025-12-02 18:37:33,118 - __main__ - INFO - Tillgängliga metoder i RegulatoriskAnalys: cer_krav, config, dora_krav, gdpr_krav, kartlägg_krav, nationella_krav, nis2_krav, organisation
2025-12-02 18:37:33,118 - modules.regulatorisk_modul - INFO - Startar regulatorisk kartläggning...
2025-12-02 18:37:33,119 - modules.regulatorisk_modul - INFO - Kartläggning klar: 9 krav analyserade
2025-12-02 18:37:33,120 - modules.risk_workshop_modul - INFO - Startar riskworkshop...
2025-12-02 18:37:33,120 - modules.risk_workshop_modul - INFO - Workshop klar: 32 risker identifierade
2025-12-02 18:37:33,121 - modules.risk_workshop_modul - INFO - Genererar åtgärdsplan...
2025-12-02 18:37:33,122 - modules.risk_workshop_modul - INFO - Åtgärdsplan klar: 15 åtgärder
2025-12-02 18:37:33,122 - modules.api_sakerhet_modul - INFO - Startar API-säkerhetsanalys...
2025-12-02 18:37:33,123 - modules.api_sakerhet_modul - INFO - API-analys klar: 4 scenarios analyserade
2025-12-02 18:37:33,124 - modules.rapport_generator - INFO - Genererar komplett rapportpaket...
2025-12-02 18:37:33,132 - __main__ - WARNING - generera_komplett_paket misslyckades: unsupported operand type(s) for /: 'str' and 'str'
2025-12-02 18:41:39,059 - modules.regulatorisk_modul - INFO - Regulatorisk modul initierad
2025-12-02 18:41:39,060 - modules.risk_workshop_modul - INFO - Risk Workshop-modul initierad
2025-12-02 18:41:39,060 - modules.api_sakerhet_modul - INFO - API-säkerhetsmodul initierad
2025-12-02 18:41:39,061 - modules.rapport_generator - INFO - RapportGenerator initierad - Output: C:\Users\ÄGARE\Documents\Chas\neab_security_assessment\data\output\20251202_184138
2025-12-02 18:41:39,064 - __main__ - INFO - Tillgängliga metoder i RegulatoriskAnalys: cer_krav, config, dora_krav, gdpr_krav, kartlägg_krav, nationella_krav, nis2_krav, organisation
2025-12-02 18:41:39,065 - modules.regulatorisk_modul - INFO - Startar regulatorisk kartläggning...
2025-12-02 18:41:39,065 - modules.regulatorisk_modul - INFO - Kartläggning klar: 9 krav analyserade
2025-12-02 18:41:39,067 - modules.risk_workshop_modul - INFO - Startar riskworkshop...
2025-12-02 18:41:39,068 - modules.risk_workshop_modul - INFO - Workshop klar: 32 risker identifierade
2025-12-02 18:41:39,069 - modules.risk_workshop_modul - INFO - Genererar åtgärdsplan...
2025-12-02 18:41:39,069 - modules.risk_workshop_modul - INFO - Åtgärdsplan klar: 15 åtgärder
2025-12-02 18:41:39,070 - modules.api_sakerhet_modul - INFO - Startar API-säkerhetsanalys...
2025-12-02 18:41:39,070 - modules.api_sakerhet_modul - INFO - API-analys klar: 4 scenarios analyserade
2025-12-02 18:41:39,071 - modules.rapport_generator - INFO - Genererar komplett rapportpaket...
2025-12-02 18:41:39,078 - __main__ - WARNING - generera_komplett_paket misslyckades: unsupported operand type(s) for /: 'str' and 'str'
2025-12-02 18:49:03,192 - modules.regulatorisk_modul - INFO - Regulatorisk modul initierad
2025-12-02 18:49:03,192 - modules.risk_workshop_modul - INFO - Risk Workshop-modul initierad
2025-12-02 18:49:03,192 - modules.api_sakerhet_modul - INFO - API-säkerhetsmodul initierad
2025-12-02 18:49:03,193 - modules.rapport_generator - INFO - RapportGenerator initierad - Output: C:\Users\ÄGARE\Documents\Chas\neab_security_assessment\data\output\20251202_184902
2025-12-02 18:49:03,194 - __main__ - INFO - Tillgängliga metoder i RegulatoriskAnalys: cer_krav, config, dora_krav, gdpr_krav, kartlägg_krav, nationella_krav, nis2_krav, organisation
2025-12-02 18:49:03,195 - modules.regulatorisk_modul - INFO - Startar regulatorisk kartläggning...
2025-12-02 18:49:03,195 - modules.regulatorisk_modul - INFO - Kartläggning klar: 9 krav analyserade
2025-12-02 18:49:03,197 - modules.risk_workshop_modul - INFO - Startar riskworkshop...
2025-12-02 18:49:03,197 - modules.risk_workshop_modul - INFO - Workshop klar: 32 risker identifierade
2025-12-02 18:49:03,198 - modules.risk_workshop_modul - INFO - Genererar åtgärdsplan...
2025-12-02 18:49:03,199 - modules.risk_workshop_modul - INFO - Åtgärdsplan klar: 15 åtgärder
2025-12-02 18:49:03,199 - modules.api_sakerhet_modul - INFO - Startar API-säkerhetsanalys...
2025-12-02 18:49:03,199 - modules.api_sakerhet_modul - INFO - API-analys klar: 4 scenarios analyserade
2025-12-02 18:49:03,200 - modules.rapport_generator - INFO - Genererar komplett rapportpaket...
2025-12-02 18:49:03,208 - __main__ - WARNING - generera_komplett_paket misslyckades: unsupported operand type(s) for /: 'str' and 'str'
2025-12-02 18:49:03,209 - __main__ - INFO - === DEBUG: Förbereder PDF-data ===
2025-12-02 18:49:03,210 - __main__ - INFO - Resultat nycklar: ['regulatorisk', 'risk', 'mitigering', 'api']
2025-12-02 18:49:03,210 - __main__ - INFO - Regulatorisk nycklar: ['krav', 'statistik', 'sammanfattning', 'prioriterade_åtgärder', 'efterlevnad_procent']
2025-12-02 18:49:03,210 - __main__ - INFO - Risk nycklar: ['risker', 'riskmatris', 'sammanfattning', 'top_risker', 'tillgangar', 'riskfordelning']
2025-12-02 18:49:03,211 - __main__ - INFO - Mitigering nycklar: ['åtgärder', 'sammanfattning', 'budget_estimat', 'tidslinje']
2025-12-02 18:49:03,211 - __main__ - INFO - Antal krav: 9
2025-12-02 18:49:03,211 - __main__ - INFO - Exempel krav struktur: ['Regelverk', 'Artikel', 'Krav', 'Tillämpning', 'Status', 'Gap-analys', 'Föreslagen åtgärd', 'CIS Controls']
2025-12-02 18:49:03,212 - __main__ - INFO - Antal risker: 32
2025-12-02 18:49:03,212 - __main__ - INFO - Exempel risk struktur: ['Risk-ID', 'Tillgång / område', 'Hot', 'STRIDE', 'Sårbarhet', 'Konsekvens', 'CIA-påverkan', 'Konsekvensnivå', 'Sannolikhet', 'Riskvärde', 'Risknivå', 'Befintliga kontroller', 'Regelverk', 'Kommentar']
2025-12-02 18:49:03,212 - __main__ - INFO - Första risken: {'Risk-ID': 'R002', 'Tillgång / område': 'Identitets- och behörighetsplattform', 'Hot': 'Ransomware via kontors-IT', 'STRIDE': 'Denial of Service (Överbelastning)', 'Sårbarhet': 'Bristande zonindelning IT/OT, delade autentiseringstjänster', 'Konsekvens': 'Driftstopp, målvärde: RTO 2 h', 'CIA-påverkan': 'A', 'Konsekvensnivå': 5, 'Sannolikhet': 3, 'Riskvärde': 15, 'Risknivå': 'Mycket hög', 'Befintliga kontroller': 'Åtkomstkontroll (delvis MFA); Loggning till SIEM; Backup med RTO 2 h', 'Regelverk': 'NIS2 Art. 21', 'Kommentar': 'Krypterad data och system via phishing, risk för sidoförflyttning mot OT'}
2025-12-02 18:49:03,213 - __main__ - INFO - Top risk: N/A (N/A) - Okänd
2025-12-02 18:49:03,214 - __main__ - INFO - Top risk: N/A (N/A) - Okänd
2025-12-02 18:49:03,214 - __main__ - INFO - Top risk: N/A (N/A) - Okänd
2025-12-02 18:49:03,214 - __main__ - INFO - Top risk: N/A (N/A) - Okänd
2025-12-02 18:49:03,214 - __main__ - INFO - Top risk: N/A (N/A) - Okänd
2025-12-02 18:49:03,215 - __main__ - INFO - Top risks slutresultat: ['N/A (N/A) - Okänd', 'N/A (N/A) - Okänd', 'N/A (N/A) - Okänd', 'N/A (N/A) - Okänd', 'N/A (N/A) - Okänd']
2025-12-02 18:49:03,215 - __main__ - INFO - Regulatory gaps: 0
2025-12-02 18:49:03,215 - __main__ - INFO - Antal åtgärder: 15
2025-12-02 18:49:03,215 - __main__ - INFO - Exempel åtgärd: {'Åtgärds-ID': 'Å001', 'Risk-ID': 'R002', 'Beskrivning': 'Implementera Zero Trust-segmentering mellan IT och OT. Inför EDR på alla endpoints.', 'Strategi': 'Reducera', 'CIS Controls': 'CIS 4.1, CIS 4.2, CIS 10.1, CIS 13.2', 'Ansvarig roll': 'IT-chef / OT-säkerhetsansvarig', 'Planerat datum': '2026-05-31', 'Kostnad': 'H', 'Effekt': 'H', 'Status': 'Planerad', 'Kvarvarande risk': 'Medel', 'Implementation': 'Kartlägg alla dataflöden IT-OT; Upphandla EDR-lösning; Implementera mikrosegmentering; Testa återställning från backup'}
2025-12-02 18:49:03,216 - __main__ - INFO - Priority actions: ['N/A', 'N/A', 'N/A', 'N/A', 'N/A']
2025-12-02 18:49:03,216 - __main__ - INFO - Risk distribution: {'Okänd': 32}
2025-12-02 18:49:03,216 - __main__ - INFO - === PDF data sammanfattning ===
2025-12-02 18:49:03,216 - __main__ - INFO - Compliance: 0.0%
2025-12-02 18:49:03,216 - __main__ - INFO - Mycket höga risker: 0
2025-12-02 18:49:03,216 - __main__ - INFO - Top risks antal: 5
2025-12-02 18:49:03,217 - __main__ - INFO - Priority actions antal: 5
2025-12-02 18:52:21,750 - modules.regulatorisk_modul - INFO - Regulatorisk modul initierad
2025-12-02 18:52:21,751 - modules.risk_workshop_modul - INFO - Risk Workshop-modul initierad
2025-12-02 18:52:21,752 - modules.api_sakerhet_modul - INFO - API-säkerhetsmodul initierad
2025-12-02 18:52:21,753 - modules.rapport_generator - INFO - RapportGenerator initierad - Output: C:\Users\ÄGARE\Documents\Chas\neab_security_assessment\data\output\20251202_185221
2025-12-02 18:52:21,756 - __main__ - INFO - Tillgängliga metoder i RegulatoriskAnalys: cer_krav, config, dora_krav, gdpr_krav, kartlägg_krav, nationella_krav, nis2_krav, organisation
2025-12-02 18:52:21,756 - modules.regulatorisk_modul - INFO - Startar regulatorisk kartläggning...
2025-12-02 18:52:21,757 - modules.regulatorisk_modul - INFO - Kartläggning klar: 9 krav analyserade
2025-12-02 18:52:21,758 - modules.risk_workshop_modul - INFO - Startar riskworkshop...
2025-12-02 18:52:21,759 - modules.risk_workshop_modul - INFO - Workshop klar: 32 risker identifierade
2025-12-02 18:52:21,760 - modules.risk_workshop_modul - INFO - Genererar åtgärdsplan...
2025-12-02 18:52:21,760 - modules.risk_workshop_modul - INFO - Åtgärdsplan klar: 15 åtgärder
2025-12-02 18:52:21,761 - modules.api_sakerhet_modul - INFO - Startar API-säkerhetsanalys...
2025-12-02 18:52:21,762 - modules.api_sakerhet_modul - INFO - API-analys klar: 4 scenarios analyserade
2025-12-02 18:52:21,763 - modules.rapport_generator - INFO - Genererar komplett rapportpaket...
2025-12-02 18:52:21,774 - __main__ - WARNING - generera_komplett_paket misslyckades: unsupported operand type(s) for /: 'str' and 'str'
2025-12-02 18:52:21,776 - __main__ - INFO - === DEBUG: Förbereder PDF-data ===
2025-12-02 18:52:21,776 - __main__ - INFO - Resultat nycklar: ['regulatorisk', 'risk', 'mitigering', 'api']
2025-12-02 18:52:21,777 - __main__ - INFO - Regulatorisk nycklar: ['krav', 'statistik', 'sammanfattning', 'prioriterade_åtgärder', 'efterlevnad_procent']
2025-12-02 18:52:21,777 - __main__ - INFO - Risk nycklar: ['risker', 'riskmatris', 'sammanfattning', 'top_risker', 'tillgangar', 'riskfordelning']
2025-12-02 18:52:21,778 - __main__ - INFO - Mitigering nycklar: ['åtgärder', 'sammanfattning', 'budget_estimat', 'tidslinje']
2025-12-02 18:52:21,778 - __main__ - INFO - Antal krav: 9
2025-12-02 18:52:21,779 - __main__ - INFO - Exempel krav struktur: ['Regelverk', 'Artikel', 'Krav', 'Tillämpning', 'Status', 'Gap-analys', 'Föreslagen åtgärd', 'CIS Controls']
2025-12-02 18:52:21,779 - __main__ - INFO - Antal risker: 32
2025-12-02 18:52:21,780 - __main__ - INFO - Exempel risk struktur: ['Risk-ID', 'Tillgång / område', 'Hot', 'STRIDE', 'Sårbarhet', 'Konsekvens', 'CIA-påverkan', 'Konsekvensnivå', 'Sannolikhet', 'Riskvärde', 'Risknivå', 'Befintliga kontroller', 'Regelverk', 'Kommentar']
2025-12-02 18:52:21,780 - __main__ - INFO - Första risken: {'Risk-ID': 'R002', 'Tillgång / område': 'Identitets- och behörighetsplattform', 'Hot': 'Ransomware via kontors-IT', 'STRIDE': 'Denial of Service (Överbelastning)', 'Sårbarhet': 'Bristande zonindelning IT/OT, delade autentiseringstjänster', 'Konsekvens': 'Driftstopp, målvärde: RTO 2 h', 'CIA-påverkan': 'A', 'Konsekvensnivå': 5, 'Sannolikhet': 3, 'Riskvärde': 15, 'Risknivå': 'Mycket hög', 'Befintliga kontroller': 'Åtkomstkontroll (delvis MFA); Loggning till SIEM; Backup med RTO 2 h', 'Regelverk': 'NIS2 Art. 21', 'Kommentar': 'Krypterad data och system via phishing, risk för sidoförflyttning mot OT'}
2025-12-02 18:52:21,781 - __main__ - INFO - Top risk: Ransomware via kontors-IT (Identitets- och behörighetsplattform) - Mycket hög
2025-12-02 18:52:21,781 - __main__ - INFO - Top risk: Ransomware via kontors-IT (SCADA/DCS) - Mycket hög
2025-12-02 18:52:21,782 - __main__ - INFO - Top risk: Phishing / MFA-trötthet (Identitets- och behörighetsplattform) - Mycket hög
2025-12-02 18:52:21,782 - __main__ - INFO - Top risk: Phishing / MFA-trötthet (Driftcentral) - Mycket hög
2025-12-02 18:52:21,783 - __main__ - INFO - Top risk: Ransomware via kontors-IT (Kund- och faktureringssystem) - Hög
2025-12-02 18:52:21,783 - __main__ - INFO - Top risks slutresultat: ['Ransomware via kontors-IT (Identitets- och behörighetsplattform) - Mycket hög', 'Ransomware via kontors-IT (SCADA/DCS) - Mycket hög', 'Phishing / MFA-trötthet (Identitets- och behörighetsplattform) - Mycket hög', 'Phishing / MFA-trötthet (Driftcentral) - Mycket hög', 'Ransomware via kontors-IT (Kund- och faktureringssystem) - Hög']
2025-12-02 18:52:21,784 - __main__ - INFO - Regulatory gaps: 7
2025-12-02 18:52:21,784 - __main__ - INFO - Antal åtgärder: 15
2025-12-02 18:52:21,784 - __main__ - INFO - Exempel åtgärd: {'Åtgärds-ID': 'Å001', 'Risk-ID': 'R002', 'Beskrivning': 'Implementera Zero Trust-segmentering mellan IT och OT. Inför EDR på alla endpoints.', 'Strategi': 'Reducera', 'CIS Controls': 'CIS 4.1, CIS 4.2, CIS 10.1, CIS 13.2', 'Ansvarig roll': 'IT-chef / OT-säkerhetsansvarig', 'Planerat datum': '2026-05-31', 'Kostnad': 'H', 'Effekt': 'H', 'Status': 'Planerad', 'Kvarvarande risk': 'Medel', 'Implementation': 'Kartlägg alla dataflöden IT-OT; Upphandla EDR-lösning; Implementera mikrosegmentering; Testa återställning från backup'}
2025-12-02 18:52:21,785 - __main__ - INFO - Priority actions: ['Implementera Zero Trust-segmentering mellan IT och OT. Inför EDR på alla endpoints.', 'Implementera Zero Trust-segmentering mellan IT och OT. Inför EDR på alla endpoints.', 'Komplettera MFA-införande till 100%. Genomför obligatorisk phishing-utbildning kvartalsvis.', 'Komplettera MFA-införande till 100%. Genomför obligatorisk phishing-utbildning kvartalsvis.', 'Implementera Zero Trust-segmentering mellan IT och OT. Inför EDR på alla endpoints.']
2025-12-02 18:52:21,785 - __main__ - INFO - Riskfördelning visar alla som 'Okänd', räknar om från risker...
2025-12-02 18:52:21,786 - __main__ - INFO - Ny riskfördelning: {'Mycket hög': 4, 'Hög': 7, 'Medel': 20, 'Låg': 1}
2025-12-02 18:52:21,786 - __main__ - INFO - Risk distribution: {'Mycket hög': 4, 'Hög': 7, 'Medel': 20, 'Låg': 1}
2025-12-02 18:52:21,786 - __main__ - INFO - === PDF data sammanfattning ===
2025-12-02 18:52:21,787 - __main__ - INFO - Compliance: 22.22222222222222%
2025-12-02 18:52:21,787 - __main__ - INFO - Mycket höga risker: 4
2025-12-02 18:52:21,788 - __main__ - INFO - Top risks antal: 5
2025-12-02 18:52:21,788 - __main__ - INFO - Priority actions antal: 5
2025-12-02 19:01:18,889 - modules.regulatorisk_modul - INFO - Regulatorisk modul initierad
2025-12-02 19:01:18,890 - modules.risk_workshop_modul - INFO - Risk Workshop-modul initierad
2025-12-02 19:01:18,890 - modules.api_sakerhet_modul - INFO - API-säkerhetsmodul initierad
2025-12-02 19:01:18,891 - modules.rapport_generator - INFO - RapportGenerator initierad - Output: C:\Users\ÄGARE\Documents\Chas\neab_security_assessment\data\output\20251202_190118
2025-12-02 19:01:18,893 - __main__ - INFO - Tillgängliga metoder i RegulatoriskAnalys: cer_krav, config, dora_krav, gdpr_krav, kartlägg_krav, nationella_krav, nis2_krav, organisation
2025-12-02 19:01:18,893 - modules.regulatorisk_modul - INFO - Startar regulatorisk kartläggning...
2025-12-02 19:01:18,893 - modules.regulatorisk_modul - INFO - Kartläggning klar: 9 krav analyserade
2025-12-02 19:01:18,894 - modules.risk_workshop_modul - INFO - Startar riskworkshop...
2025-12-02 19:01:18,894 - modules.risk_workshop_modul - INFO - Workshop klar: 32 risker identifierade
2025-12-02 19:01:18,895 - modules.risk_workshop_modul - INFO - Genererar åtgärdsplan...
2025-12-02 19:01:18,896 - modules.risk_workshop_modul - INFO - Åtgärdsplan klar: 15 åtgärder
2025-12-02 19:01:18,897 - modules.api_sakerhet_modul - INFO - Startar API-säkerhetsanalys...
2025-12-02 19:01:18,897 - modules.api_sakerhet_modul - INFO - API-analys klar: 4 scenarios analyserade
2025-12-02 19:01:18,897 - modules.rapport_generator - INFO - Genererar komplett rapportpaket...
2025-12-02 19:01:18,904 - __main__ - WARNING - generera_komplett_paket misslyckades: unsupported operand type(s) for /: 'str' and 'str'
2025-12-02 19:01:18,905 - __main__ - INFO - === DEBUG: Förbereder PDF-data ===
2025-12-02 19:01:18,905 - __main__ - INFO - Resultat nycklar: ['regulatorisk', 'risk', 'mitigering', 'api']
2025-12-02 19:01:18,905 - __main__ - INFO - Regulatorisk nycklar: ['krav', 'statistik', 'sammanfattning', 'prioriterade_åtgärder', 'efterlevnad_procent']
2025-12-02 19:01:18,905 - __main__ - INFO - Risk nycklar: ['risker', 'riskmatris', 'sammanfattning', 'top_risker', 'tillgangar', 'riskfordelning']
2025-12-02 19:01:18,906 - __main__ - INFO - Mitigering nycklar: ['åtgärder', 'sammanfattning', 'budget_estimat', 'tidslinje']
2025-12-02 19:01:18,906 - __main__ - INFO - Antal krav: 9
2025-12-02 19:01:18,906 - __main__ - INFO - Exempel krav struktur: ['Regelverk', 'Artikel', 'Krav', 'Tillämpning', 'Status', 'Gap-analys', 'Föreslagen åtgärd', 'CIS Controls']
2025-12-02 19:01:18,906 - __main__ - INFO - Antal risker: 32
2025-12-02 19:01:18,906 - __main__ - INFO - Exempel risk struktur: ['Risk-ID', 'Tillgång / område', 'Hot', 'STRIDE', 'Sårbarhet', 'Konsekvens', 'CIA-påverkan', 'Konsekvensnivå', 'Sannolikhet', 'Riskvärde', 'Risknivå', 'Befintliga kontroller', 'Regelverk', 'Kommentar']
2025-12-02 19:01:18,907 - __main__ - INFO - Första risken: {'Risk-ID': 'R002', 'Tillgång / område': 'Identitets- och behörighetsplattform', 'Hot': 'Ransomware via kontors-IT', 'STRIDE': 'Denial of Service (Överbelastning)', 'Sårbarhet': 'Bristande zonindelning IT/OT, delade autentiseringstjänster', 'Konsekvens': 'Driftstopp, målvärde: RTO 2 h', 'CIA-påverkan': 'A', 'Konsekvensnivå': 5, 'Sannolikhet': 3, 'Riskvärde': 15, 'Risknivå': 'Mycket hög', 'Befintliga kontroller': 'Åtkomstkontroll (delvis MFA); Loggning till SIEM; Backup med RTO 2 h', 'Regelverk': 'NIS2 Art. 21', 'Kommentar': 'Krypterad data och system via phishing, risk för sidoförflyttning mot OT'}
2025-12-02 19:01:18,907 - __main__ - INFO - Top risk: Ransomware via kontors-IT (Identitets- och behörighetsplattform) - Mycket hög
2025-12-02 19:01:18,907 - __main__ - INFO - Top risk: Ransomware via kontors-IT (SCADA/DCS) - Mycket hög
2025-12-02 19:01:18,908 - __main__ - INFO - Top risk: Phishing / MFA-trötthet (Identitets- och behörighetsplattform) - Mycket hög
2025-12-02 19:01:18,908 - __main__ - INFO - Top risk: Phishing / MFA-trötthet (Driftcentral) - Mycket hög
2025-12-02 19:01:18,908 - __main__ - INFO - Top risk: Ransomware via kontors-IT (Kund- och faktureringssystem) - Hög
2025-12-02 19:01:18,908 - __main__ - INFO - Top risks slutresultat: ['Ransomware via kontors-IT (Identitets- och behörighetsplattform) - Mycket hög', 'Ransomware via kontors-IT (SCADA/DCS) - Mycket hög', 'Phishing / MFA-trötthet (Identitets- och behörighetsplattform) - Mycket hög', 'Phishing / MFA-trötthet (Driftcentral) - Mycket hög', 'Ransomware via kontors-IT (Kund- och faktureringssystem) - Hög']
2025-12-02 19:01:18,909 - __main__ - INFO - Regulatory gaps: 7
2025-12-02 19:01:18,909 - __main__ - INFO - Antal åtgärder: 15
2025-12-02 19:01:18,909 - __main__ - INFO - Exempel åtgärd: {'Åtgärds-ID': 'Å001', 'Risk-ID': 'R002', 'Beskrivning': 'Implementera Zero Trust-segmentering mellan IT och OT. Inför EDR på alla endpoints.', 'Strategi': 'Reducera', 'CIS Controls': 'CIS 4.1, CIS 4.2, CIS 10.1, CIS 13.2', 'Ansvarig roll': 'IT-chef / OT-säkerhetsansvarig', 'Planerat datum': '2026-05-31', 'Kostnad': 'H', 'Effekt': 'H', 'Status': 'Planerad', 'Kvarvarande risk': 'Medel', 'Implementation': 'Kartlägg alla dataflöden IT-OT; Upphandla EDR-lösning; Implementera mikrosegmentering; Testa återställning från backup'}
2025-12-02 19:01:18,909 - __main__ - INFO - Bearbetar åtgärd 1: ['Åtgärds-ID', 'Risk-ID', 'Beskrivning', 'Strategi', 'CIS Controls', 'Ansvarig roll', 'Planerat datum', 'Kostnad', 'Effekt', 'Status', 'Kvarvarande risk', 'Implementation']
2025-12-02 19:01:18,909 - __main__ - INFO - Åtgärd 1 blev: Implementera Zero Trust-segmentering mellan IT och OT. Inför EDR på alla endpoin...
2025-12-02 19:01:18,910 - __main__ - INFO - Bearbetar åtgärd 2: ['Åtgärds-ID', 'Risk-ID', 'Beskrivning', 'Strategi', 'CIS Controls', 'Ansvarig roll', 'Planerat datum', 'Kostnad', 'Effekt', 'Status', 'Kvarvarande risk', 'Implementation']
2025-12-02 19:01:18,910 - __main__ - INFO - Åtgärd 2 blev: Implementera Zero Trust-segmentering mellan IT och OT. Inför EDR på alla endpoin...
2025-12-02 19:01:18,910 - __main__ - INFO - Bearbetar åtgärd 3: ['Åtgärds-ID', 'Risk-ID', 'Beskrivning', 'Strategi', 'CIS Controls', 'Ansvarig roll', 'Planerat datum', 'Kostnad', 'Effekt', 'Status', 'Kvarvarande risk', 'Implementation']
2025-12-02 19:01:18,910 - __main__ - INFO - Åtgärd 3 blev: Komplettera MFA-införande till 100%. Genomför obligatorisk phishing-utbildning k...
2025-12-02 19:01:18,910 - __main__ - INFO - Bearbetar åtgärd 4: ['Åtgärds-ID', 'Risk-ID', 'Beskrivning', 'Strategi', 'CIS Controls', 'Ansvarig roll', 'Planerat datum', 'Kostnad', 'Effekt', 'Status', 'Kvarvarande risk', 'Implementation']
2025-12-02 19:01:18,911 - __main__ - INFO - Åtgärd 4 blev: Komplettera MFA-införande till 100%. Genomför obligatorisk phishing-utbildning k...
2025-12-02 19:01:18,911 - __main__ - INFO - Bearbetar åtgärd 5: ['Åtgärds-ID', 'Risk-ID', 'Beskrivning', 'Strategi', 'CIS Controls', 'Ansvarig roll', 'Planerat datum', 'Kostnad', 'Effekt', 'Status', 'Kvarvarande risk', 'Implementation']
2025-12-02 19:01:18,911 - __main__ - INFO - Åtgärd 5 blev: Implementera Zero Trust-segmentering mellan IT och OT. Inför EDR på alla endpoin...
2025-12-02 19:01:18,911 - __main__ - INFO - Priority actions: ['Implementera Zero Trust-segmentering mellan IT och OT. Inför EDR på alla endpoints.', 'Implementera Zero Trust-segmentering mellan IT och OT. Inför EDR på alla endpoints.', 'Komplettera MFA-införande till 100%. Genomför obligatorisk phishing-utbildning kvartalsvis.', 'Komplettera MFA-införande till 100%. Genomför obligatorisk phishing-utbildning kvartalsvis.', 'Implementera Zero Trust-segmentering mellan IT och OT. Inför EDR på alla endpoints.']
2025-12-02 19:01:18,911 - __main__ - INFO - Riskfördelning visar alla som 'Okänd', räknar om från risker...
2025-12-02 19:01:18,911 - __main__ - INFO - Ny riskfördelning: {'Mycket hög': 4, 'Hög': 7, 'Medel': 20, 'Låg': 1}
2025-12-02 19:01:18,912 - __main__ - INFO - Risk distribution: {'Mycket hög': 4, 'Hög': 7, 'Medel': 20, 'Låg': 1}
2025-12-02 19:01:18,912 - __main__ - INFO - === PDF data sammanfattning ===
2025-12-02 19:01:18,912 - __main__ - INFO - Compliance: 22.22222222222222%
2025-12-02 19:01:18,913 - __main__ - INFO - Mycket höga risker: 4
2025-12-02 19:01:18,913 - __main__ - INFO - Top risks antal: 5
2025-12-02 19:01:18,914 - __main__ - INFO - Priority actions antal: 5
2025-12-02 19:04:30,886 - modules.regulatorisk_modul - INFO - Regulatorisk modul initierad
2025-12-02 19:04:30,886 - modules.risk_workshop_modul - INFO - Risk Workshop-modul initierad
2025-12-02 19:04:30,886 - modules.api_sakerhet_modul - INFO - API-säkerhetsmodul initierad
2025-12-02 19:04:30,886 - __main__ - ERROR - Oväntad exception
Traceback (most recent call last):
  File "C:\Users\ÄGARE\Documents\Chas\neab_security_assessment\huvudskript.py", line 317, in main
    assessment = NEABSecurityAssessment(args.input)
  File "C:\Users\ÄGARE\Documents\Chas\neab_security_assessment\huvudskript.py", line 75, in __init__
    self.rapport_generator = RapportGenerator(self.output_dir)
                             ~~~~~~~~~~~~~~~~^^^^^^^^^^^^^^^^^
TypeError: RapportGenerator.__init__() missing 1 required positional argument: 'output_dir'
2025-12-02 19:05:34,366 - modules.regulatorisk_modul - INFO - Regulatorisk modul initierad
2025-12-02 19:05:34,367 - modules.risk_workshop_modul - INFO - Risk Workshop-modul initierad
2025-12-02 19:05:34,368 - modules.api_sakerhet_modul - INFO - API-säkerhetsmodul initierad
2025-12-02 19:05:34,369 - modules.rapport_generator - INFO - RapportGenerator initierad - Output: C:\Users\ÄGARE\Documents\Chas\neab_security_assessment\data\output\20251202_190533
2025-12-02 19:05:34,371 - __main__ - INFO - Tillgängliga metoder i RegulatoriskAnalys: cer_krav, config, dora_krav, gdpr_krav, kartlägg_krav, nationella_krav, nis2_krav, organisation
2025-12-02 19:05:34,371 - modules.regulatorisk_modul - INFO - Startar regulatorisk kartläggning...
2025-12-02 19:05:34,371 - modules.regulatorisk_modul - INFO - Kartläggning klar: 9 krav analyserade
2025-12-02 19:05:34,372 - modules.risk_workshop_modul - INFO - Startar riskworkshop...
2025-12-02 19:05:34,373 - modules.risk_workshop_modul - INFO - Workshop klar: 32 risker identifierade
2025-12-02 19:05:34,374 - modules.risk_workshop_modul - INFO - Genererar åtgärdsplan...
2025-12-02 19:05:34,375 - modules.risk_workshop_modul - INFO - Åtgärdsplan klar: 15 åtgärder
2025-12-02 19:05:34,375 - modules.api_sakerhet_modul - INFO - Startar API-säkerhetsanalys...
2025-12-02 19:05:34,376 - modules.api_sakerhet_modul - INFO - API-analys klar: 4 scenarios analyserade
2025-12-02 19:05:34,376 - modules.rapport_generator - INFO - Genererar komplett rapportpaket...
2025-12-02 19:05:34,385 - __main__ - WARNING - generera_komplett_paket misslyckades: unsupported operand type(s) for /: 'str' and 'str'
2025-12-02 19:05:34,386 - __main__ - INFO - === DEBUG: Förbereder PDF-data ===
2025-12-02 19:05:34,387 - __main__ - INFO - Resultat nycklar: ['regulatorisk', 'risk', 'mitigering', 'api']
2025-12-02 19:05:34,387 - __main__ - INFO - Regulatorisk nycklar: ['krav', 'statistik', 'sammanfattning', 'prioriterade_åtgärder', 'efterlevnad_procent']
2025-12-02 19:05:34,388 - __main__ - INFO - Risk nycklar: ['risker', 'riskmatris', 'sammanfattning', 'top_risker', 'tillgangar', 'riskfordelning']
2025-12-02 19:05:34,388 - __main__ - INFO - Mitigering nycklar: ['åtgärder', 'sammanfattning', 'budget_estimat', 'tidslinje']
2025-12-02 19:05:34,389 - __main__ - INFO - Antal krav: 9
2025-12-02 19:05:34,389 - __main__ - INFO - Exempel krav struktur: ['Regelverk', 'Artikel', 'Krav', 'Tillämpning', 'Status', 'Gap-analys', 'Föreslagen åtgärd', 'CIS Controls']
2025-12-02 19:05:34,390 - __main__ - INFO - Antal risker: 32
2025-12-02 19:05:34,390 - __main__ - INFO - Exempel risk struktur: ['Risk-ID', 'Tillgång / område', 'Hot', 'STRIDE', 'Sårbarhet', 'Konsekvens', 'CIA-påverkan', 'Konsekvensnivå', 'Sannolikhet', 'Riskvärde', 'Risknivå', 'Befintliga kontroller', 'Regelverk', 'Kommentar']
2025-12-02 19:05:34,390 - __main__ - INFO - Första risken: {'Risk-ID': 'R002', 'Tillgång / område': 'Identitets- och behörighetsplattform', 'Hot': 'Ransomware via kontors-IT', 'STRIDE': 'Denial of Service (Överbelastning)', 'Sårbarhet': 'Bristande zonindelning IT/OT, delade autentiseringstjänster', 'Konsekvens': 'Driftstopp, målvärde: RTO 2 h', 'CIA-påverkan': 'A', 'Konsekvensnivå': 5, 'Sannolikhet': 3, 'Riskvärde': 15, 'Risknivå': 'Mycket hög', 'Befintliga kontroller': 'Åtkomstkontroll (delvis MFA); Loggning till SIEM; Backup med RTO 2 h', 'Regelverk': 'NIS2 Art. 21', 'Kommentar': 'Krypterad data och system via phishing, risk för sidoförflyttning mot OT'}
2025-12-02 19:05:34,391 - __main__ - INFO - Top risk: Ransomware via kontors-IT (Identitets- och behörighetsplattform) - Mycket hög
2025-12-02 19:05:34,391 - __main__ - INFO - Top risk: Ransomware via kontors-IT (SCADA/DCS) - Mycket hög
2025-12-02 19:05:34,391 - __main__ - INFO - Top risk: Phishing / MFA-trötthet (Identitets- och behörighetsplattform) - Mycket hög
2025-12-02 19:05:34,391 - __main__ - INFO - Top risk: Phishing / MFA-trötthet (Driftcentral) - Mycket hög
2025-12-02 19:05:34,392 - __main__ - INFO - Top risk: Ransomware via kontors-IT (Kund- och faktureringssystem) - Hög
2025-12-02 19:05:34,392 - __main__ - INFO - Top risks slutresultat: ['Ransomware via kontors-IT (Identitets- och behörighetsplattform) - Mycket hög', 'Ransomware via kontors-IT (SCADA/DCS) - Mycket hög', 'Phishing / MFA-trötthet (Identitets- och behörighetsplattform) - Mycket hög', 'Phishing / MFA-trötthet (Driftcentral) - Mycket hög', 'Ransomware via kontors-IT (Kund- och faktureringssystem) - Hög']
2025-12-02 19:05:34,392 - __main__ - INFO - Regulatory gaps: 7
2025-12-02 19:05:34,392 - __main__ - INFO - Antal åtgärder: 15
2025-12-02 19:05:34,393 - __main__ - INFO - Exempel åtgärd: {'Åtgärds-ID': 'Å001', 'Risk-ID': 'R002', 'Beskrivning': 'Implementera Zero Trust-segmentering mellan IT och OT. Inför EDR på alla endpoints.', 'Strategi': 'Reducera', 'CIS Controls': 'CIS 4.1, CIS 4.2, CIS 10.1, CIS 13.2', 'Ansvarig roll': 'IT-chef / OT-säkerhetsansvarig', 'Planerat datum': '2026-05-31', 'Kostnad': 'H', 'Effekt': 'H', 'Status': 'Planerad', 'Kvarvarande risk': 'Medel', 'Implementation': 'Kartlägg alla dataflöden IT-OT; Upphandla EDR-lösning; Implementera mikrosegmentering; Testa återställning från backup'}
2025-12-02 19:05:34,393 - __main__ - INFO - Bearbetar åtgärd 1: ['Åtgärds-ID', 'Risk-ID', 'Beskrivning', 'Strategi', 'CIS Controls', 'Ansvarig roll', 'Planerat datum', 'Kostnad', 'Effekt', 'Status', 'Kvarvarande risk', 'Implementation']
2025-12-02 19:05:34,393 - __main__ - INFO - Åtgärd 1 tillagd: Implementera Zero Trust-segmentering mellan IT och OT. Inför EDR på alla endpoin...
2025-12-02 19:05:34,393 - __main__ - INFO - Bearbetar åtgärd 2: ['Åtgärds-ID', 'Risk-ID', 'Beskrivning', 'Strategi', 'CIS Controls', 'Ansvarig roll', 'Planerat datum', 'Kostnad', 'Effekt', 'Status', 'Kvarvarande risk', 'Implementation']
2025-12-02 19:05:34,394 - __main__ - INFO - Åtgärd 2 är duplikat, skippar
2025-12-02 19:05:34,394 - __main__ - INFO - Bearbetar åtgärd 3: ['Åtgärds-ID', 'Risk-ID', 'Beskrivning', 'Strategi', 'CIS Controls', 'Ansvarig roll', 'Planerat datum', 'Kostnad', 'Effekt', 'Status', 'Kvarvarande risk', 'Implementation']
2025-12-02 19:05:34,394 - __main__ - INFO - Åtgärd 2 tillagd: Komplettera MFA-införande till 100%. Genomför obligatorisk phishing-utbildning k...
2025-12-02 19:05:34,394 - __main__ - INFO - Bearbetar åtgärd 4: ['Åtgärds-ID', 'Risk-ID', 'Beskrivning', 'Strategi', 'CIS Controls', 'Ansvarig roll', 'Planerat datum', 'Kostnad', 'Effekt', 'Status', 'Kvarvarande risk', 'Implementation']
2025-12-02 19:05:34,394 - __main__ - INFO - Åtgärd 4 är duplikat, skippar
2025-12-02 19:05:34,395 - __main__ - INFO - Bearbetar åtgärd 5: ['Åtgärds-ID', 'Risk-ID', 'Beskrivning', 'Strategi', 'CIS Controls', 'Ansvarig roll', 'Planerat datum', 'Kostnad', 'Effekt', 'Status', 'Kvarvarande risk', 'Implementation']
2025-12-02 19:05:34,395 - __main__ - INFO - Åtgärd 5 är duplikat, skippar
2025-12-02 19:05:34,395 - __main__ - INFO - Bearbetar åtgärd 6: ['Åtgärds-ID', 'Risk-ID', 'Beskrivning', 'Strategi', 'CIS Controls', 'Ansvarig roll', 'Planerat datum', 'Kostnad', 'Effekt', 'Status', 'Kvarvarande risk', 'Implementation']
2025-12-02 19:05:34,395 - __main__ - INFO - Åtgärd 6 är duplikat, skippar
2025-12-02 19:05:34,396 - __main__ - INFO - Bearbetar åtgärd 7: ['Åtgärds-ID', 'Risk-ID', 'Beskrivning', 'Strategi', 'CIS Controls', 'Ansvarig roll', 'Planerat datum', 'Kostnad', 'Effekt', 'Status', 'Kvarvarande risk', 'Implementation']
2025-12-02 19:05:34,396 - __main__ - INFO - Åtgärd 3 tillagd: Åtgärda identifierad risk: Bristande efterlevnad av GDPR Art. 35...
2025-12-02 19:05:34,397 - __main__ - INFO - Bearbetar åtgärd 8: ['Åtgärds-ID', 'Risk-ID', 'Beskrivning', 'Strategi', 'CIS Controls', 'Ansvarig roll', 'Planerat datum', 'Kostnad', 'Effekt', 'Status', 'Kvarvarande risk', 'Implementation']
2025-12-02 19:05:34,397 - __main__ - INFO - Åtgärd 4 tillagd: Inför PAM (Privileged Access Management) för all leverantörsåtkomst med MFA och ...
2025-12-02 19:05:34,397 - __main__ - INFO - Bearbetar åtgärd 9: ['Åtgärds-ID', 'Risk-ID', 'Beskrivning', 'Strategi', 'CIS Controls', 'Ansvarig roll', 'Planerat datum', 'Kostnad', 'Effekt', 'Status', 'Kvarvarande risk', 'Implementation']
2025-12-02 19:05:34,398 - __main__ - INFO - Åtgärd 5 tillagd: Implementera API-säkerhetslösning med rate limiting, token rotation och logging...
2025-12-02 19:05:34,398 - __main__ - INFO - Priority actions: ['Implementera Zero Trust-segmentering mellan IT och OT. Inför EDR på alla endpoints.', 'Komplettera MFA-införande till 100%. Genomför obligatorisk phishing-utbildning kvartalsvis.', 'Åtgärda identifierad risk: Bristande efterlevnad av GDPR Art. 35', 'Inför PAM (Privileged Access Management) för all leverantörsåtkomst med MFA och tidsbegränsning', 'Implementera API-säkerhetslösning med rate limiting, token rotation och logging']
2025-12-02 19:05:34,399 - __main__ - INFO - Riskfördelning visar alla som 'Okänd', räknar om från risker...
2025-12-02 19:05:34,399 - __main__ - INFO - Ny riskfördelning: {'Mycket hög': 4, 'Hög': 7, 'Medel': 20, 'Låg': 1}
2025-12-02 19:05:34,399 - __main__ - INFO - Risk distribution: {'Mycket hög': 4, 'Hög': 7, 'Medel': 20, 'Låg': 1}
2025-12-02 19:05:34,400 - __main__ - INFO - === PDF data sammanfattning ===
2025-12-02 19:05:34,400 - __main__ - INFO - Compliance: 22.22222222222222%
2025-12-02 19:05:34,400 - __main__ - INFO - Mycket höga risker: 4
2025-12-02 19:05:34,400 - __main__ - INFO - Top risks antal: 5
2025-12-02 19:05:34,401 - __main__ - INFO - Priority actions antal: 5
2025-12-02 19:13:37,126 - modules.regulatorisk_modul - INFO - Regulatorisk modul initierad
2025-12-02 19:13:37,126 - modules.risk_workshop_modul - INFO - Risk Workshop-modul initierad
2025-12-02 19:13:37,127 - modules.api_sakerhet_modul - INFO - API-säkerhetsmodul initierad
2025-12-02 19:13:37,128 - modules.rapport_generator - INFO - RapportGenerator initierad - Output: C:\Users\ÄGARE\Documents\Chas\neab_security_assessment\data\output\20251202_191336
2025-12-02 19:13:37,130 - __main__ - INFO - Tillgängliga metoder i RegulatoriskAnalys: cer_krav, config, dora_krav, gdpr_krav, kartlägg_krav, nationella_krav, nis2_krav, organisation
2025-12-02 19:13:37,131 - modules.regulatorisk_modul - INFO - Startar regulatorisk kartläggning...
2025-12-02 19:13:37,132 - modules.regulatorisk_modul - INFO - Kartläggning klar: 9 krav analyserade
2025-12-02 19:13:37,134 - modules.risk_workshop_modul - INFO - Startar riskworkshop...
2025-12-02 19:13:37,135 - modules.risk_workshop_modul - INFO - Workshop klar: 32 risker identifierade
2025-12-02 19:13:37,136 - modules.risk_workshop_modul - INFO - Genererar åtgärdsplan...
2025-12-02 19:13:37,137 - modules.risk_workshop_modul - INFO - Åtgärdsplan klar: 15 åtgärder
2025-12-02 19:13:37,138 - modules.api_sakerhet_modul - INFO - Startar API-säkerhetsanalys...
2025-12-02 19:13:37,138 - modules.api_sakerhet_modul - INFO - API-analys klar: 4 scenarios analyserade
2025-12-02 19:13:37,140 - __main__ - ERROR - Heat map-fel
Traceback (most recent call last):
  File "C:\Users\ÄGARE\Documents\Chas\neab_security_assessment\huvudskript_v2.py", line 328, in kor_komplett_analys
    from utils.risk_heatmap import generate_risk_heatmap
ModuleNotFoundError: No module named 'utils.risk_heatmap'
2025-12-02 19:13:37,142 - modules.rapport_generator - INFO - Genererar komplett rapportpaket...
2025-12-02 19:13:37,152 - __main__ - WARNING - generera_komplett_paket misslyckades: unsupported operand type(s) for /: 'str' and 'str'
2025-12-02 19:13:37,153 - __main__ - INFO - === DEBUG: Förbereder PDF-data ===
2025-12-02 19:13:37,154 - __main__ - INFO - Resultat nycklar: ['regulatorisk', 'risk', 'mitigering', 'api']
2025-12-02 19:13:37,154 - __main__ - INFO - Regulatorisk nycklar: ['krav', 'statistik', 'sammanfattning', 'prioriterade_åtgärder', 'efterlevnad_procent']
2025-12-02 19:13:37,154 - __main__ - INFO - Risk nycklar: ['risker', 'riskmatris', 'sammanfattning', 'top_risker', 'tillgangar', 'riskfordelning']
2025-12-02 19:13:37,155 - __main__ - INFO - Mitigering nycklar: ['åtgärder', 'sammanfattning', 'budget_estimat', 'tidslinje']
2025-12-02 19:13:37,155 - __main__ - INFO - Antal krav: 9
2025-12-02 19:13:37,155 - __main__ - INFO - Exempel krav struktur: ['Regelverk', 'Artikel', 'Krav', 'Tillämpning', 'Status', 'Gap-analys', 'Föreslagen åtgärd', 'CIS Controls']
2025-12-02 19:13:37,155 - __main__ - INFO - Antal risker: 32
2025-12-02 19:13:37,156 - __main__ - INFO - Exempel risk struktur: ['Risk-ID', 'Tillgång / område', 'Hot', 'STRIDE', 'Sårbarhet', 'Konsekvens', 'CIA-påverkan', 'Konsekvensnivå', 'Sannolikhet', 'Riskvärde', 'Risknivå', 'Befintliga kontroller', 'Regelverk', 'Kommentar']
2025-12-02 19:13:37,156 - __main__ - INFO - Första risken: {'Risk-ID': 'R002', 'Tillgång / område': 'Identitets- och behörighetsplattform', 'Hot': 'Ransomware via kontors-IT', 'STRIDE': 'Denial of Service (Överbelastning)', 'Sårbarhet': 'Bristande zonindelning IT/OT, delade autentiseringstjänster', 'Konsekvens': 'Driftstopp, målvärde: RTO 2 h', 'CIA-påverkan': 'A', 'Konsekvensnivå': 5, 'Sannolikhet': 3, 'Riskvärde': 15, 'Risknivå': 'Mycket hög', 'Befintliga kontroller': 'Åtkomstkontroll (delvis MFA); Loggning till SIEM; Backup med RTO 2 h', 'Regelverk': 'NIS2 Art. 21', 'Kommentar': 'Krypterad data och system via phishing, risk för sidoförflyttning mot OT'}
2025-12-02 19:13:37,156 - __main__ - INFO - Top risk: Ransomware via kontors-IT (Identitets- och behörighetsplattform) - Mycket hög
2025-12-02 19:13:37,157 - __main__ - INFO - Top risk: Ransomware via kontors-IT (SCADA/DCS) - Mycket hög
2025-12-02 19:13:37,157 - __main__ - INFO - Top risk: Phishing / MFA-trötthet (Identitets- och behörighetsplattform) - Mycket hög
2025-12-02 19:13:37,158 - __main__ - INFO - Top risk: Phishing / MFA-trötthet (Driftcentral) - Mycket hög
2025-12-02 19:13:37,158 - __main__ - INFO - Top risk: Ransomware via kontors-IT (Kund- och faktureringssystem) - Hög
2025-12-02 19:13:37,158 - __main__ - INFO - Top risks slutresultat: ['Ransomware via kontors-IT (Identitets- och behörighetsplattform) - Mycket hög', 'Ransomware via kontors-IT (SCADA/DCS) - Mycket hög', 'Phishing / MFA-trötthet (Identitets- och behörighetsplattform) - Mycket hög', 'Phishing / MFA-trötthet (Driftcentral) - Mycket hög', 'Ransomware via kontors-IT (Kund- och faktureringssystem) - Hög']
2025-12-02 19:13:37,159 - __main__ - INFO - Regulatory gaps: 7
2025-12-02 19:13:37,159 - __main__ - INFO - Antal åtgärder: 15
2025-12-02 19:13:37,159 - __main__ - INFO - Exempel åtgärd: {'Åtgärds-ID': 'Å001', 'Risk-ID': 'R002', 'Beskrivning': 'Implementera Zero Trust-segmentering mellan IT och OT. Inför EDR på alla endpoints.', 'Strategi': 'Reducera', 'CIS Controls': 'CIS 4.1, CIS 4.2, CIS 10.1, CIS 13.2', 'Ansvarig roll': 'IT-chef / OT-säkerhetsansvarig', 'Planerat datum': '2026-05-31', 'Kostnad': 'H', 'Effekt': 'H', 'Status': 'Planerad', 'Kvarvarande risk': 'Medel', 'Implementation': 'Kartlägg alla dataflöden IT-OT; Upphandla EDR-lösning; Implementera mikrosegmentering; Testa återställning från backup'}
2025-12-02 19:13:37,160 - __main__ - INFO - Bearbetar åtgärd 1: ['Åtgärds-ID', 'Risk-ID', 'Beskrivning', 'Strategi', 'CIS Controls', 'Ansvarig roll', 'Planerat datum', 'Kostnad', 'Effekt', 'Status', 'Kvarvarande risk', 'Implementation']
2025-12-02 19:13:37,160 - __main__ - INFO - Åtgärd 1 tillagd: Implementera Zero Trust-segmentering mellan IT och OT. Inför EDR på alla endpoin...
2025-12-02 19:13:37,160 - __main__ - INFO - Bearbetar åtgärd 2: ['Åtgärds-ID', 'Risk-ID', 'Beskrivning', 'Strategi', 'CIS Controls', 'Ansvarig roll', 'Planerat datum', 'Kostnad', 'Effekt', 'Status', 'Kvarvarande risk', 'Implementation']
2025-12-02 19:13:37,160 - __main__ - INFO - Åtgärd 2 är duplikat, skippar
2025-12-02 19:13:37,161 - __main__ - INFO - Bearbetar åtgärd 3: ['Åtgärds-ID', 'Risk-ID', 'Beskrivning', 'Strategi', 'CIS Controls', 'Ansvarig roll', 'Planerat datum', 'Kostnad', 'Effekt', 'Status', 'Kvarvarande risk', 'Implementation']
2025-12-02 19:13:37,161 - __main__ - INFO - Åtgärd 2 tillagd: Komplettera MFA-införande till 100%. Genomför obligatorisk phishing-utbildning k...
2025-12-02 19:13:37,161 - __main__ - INFO - Bearbetar åtgärd 4: ['Åtgärds-ID', 'Risk-ID', 'Beskrivning', 'Strategi', 'CIS Controls', 'Ansvarig roll', 'Planerat datum', 'Kostnad', 'Effekt', 'Status', 'Kvarvarande risk', 'Implementation']
2025-12-02 19:13:37,161 - __main__ - INFO - Åtgärd 4 är duplikat, skippar
2025-12-02 19:13:37,161 - __main__ - INFO - Bearbetar åtgärd 5: ['Åtgärds-ID', 'Risk-ID', 'Beskrivning', 'Strategi', 'CIS Controls', 'Ansvarig roll', 'Planerat datum', 'Kostnad', 'Effekt', 'Status', 'Kvarvarande risk', 'Implementation']
2025-12-02 19:13:37,162 - __main__ - INFO - Åtgärd 5 är duplikat, skippar
2025-12-02 19:13:37,162 - __main__ - INFO - Bearbetar åtgärd 6: ['Åtgärds-ID', 'Risk-ID', 'Beskrivning', 'Strategi', 'CIS Controls', 'Ansvarig roll', 'Planerat datum', 'Kostnad', 'Effekt', 'Status', 'Kvarvarande risk', 'Implementation']
2025-12-02 19:13:37,162 - __main__ - INFO - Åtgärd 6 är duplikat, skippar
2025-12-02 19:13:37,163 - __main__ - INFO - Bearbetar åtgärd 7: ['Åtgärds-ID', 'Risk-ID', 'Beskrivning', 'Strategi', 'CIS Controls', 'Ansvarig roll', 'Planerat datum', 'Kostnad', 'Effekt', 'Status', 'Kvarvarande risk', 'Implementation']
2025-12-02 19:13:37,163 - __main__ - INFO - Åtgärd 3 tillagd: Åtgärda identifierad risk: Bristande efterlevnad av GDPR Art. 35...
2025-12-02 19:13:37,163 - __main__ - INFO - Bearbetar åtgärd 8: ['Åtgärds-ID', 'Risk-ID', 'Beskrivning', 'Strategi', 'CIS Controls', 'Ansvarig roll', 'Planerat datum', 'Kostnad', 'Effekt', 'Status', 'Kvarvarande risk', 'Implementation']
2025-12-02 19:13:37,164 - __main__ - INFO - Åtgärd 4 tillagd: Inför PAM (Privileged Access Management) för all leverantörsåtkomst med MFA och ...
2025-12-02 19:13:37,164 - __main__ - INFO - Bearbetar åtgärd 9: ['Åtgärds-ID', 'Risk-ID', 'Beskrivning', 'Strategi', 'CIS Controls', 'Ansvarig roll', 'Planerat datum', 'Kostnad', 'Effekt', 'Status', 'Kvarvarande risk', 'Implementation']
2025-12-02 19:13:37,164 - __main__ - INFO - Åtgärd 5 tillagd: Implementera API-säkerhetslösning med rate limiting, token rotation och logging...
2025-12-02 19:13:37,165 - __main__ - INFO - Priority actions: ['Implementera Zero Trust-segmentering mellan IT och OT. Inför EDR på alla endpoints.', 'Komplettera MFA-införande till 100%. Genomför obligatorisk phishing-utbildning kvartalsvis.', 'Åtgärda identifierad risk: Bristande efterlevnad av GDPR Art. 35', 'Inför PAM (Privileged Access Management) för all leverantörsåtkomst med MFA och tidsbegränsning', 'Implementera API-säkerhetslösning med rate limiting, token rotation och logging']
2025-12-02 19:13:37,165 - __main__ - INFO - Riskfördelning visar alla som 'Okänd', räknar om från risker...
2025-12-02 19:13:37,165 - __main__ - INFO - Ny riskfördelning: {'Mycket hög': 4, 'Hög': 7, 'Medel': 20, 'Låg': 1}
2025-12-02 19:13:37,166 - __main__ - INFO - Risk distribution: {'Mycket hög': 4, 'Hög': 7, 'Medel': 20, 'Låg': 1}
2025-12-02 19:13:37,166 - __main__ - INFO - === PDF data sammanfattning ===
2025-12-02 19:13:37,167 - __main__ - INFO - Compliance: 22.22222222222222%
2025-12-02 19:13:37,167 - __main__ - INFO - Mycket höga risker: 4
2025-12-02 19:13:37,167 - __main__ - INFO - Top risks antal: 5
2025-12-02 19:13:37,168 - __main__ - INFO - Priority actions antal: 5
2025-12-02 19:15:27,228 - modules.regulatorisk_modul - INFO - Regulatorisk modul initierad
2025-12-02 19:15:27,228 - modules.risk_workshop_modul - INFO - Risk Workshop-modul initierad
2025-12-02 19:15:27,228 - modules.api_sakerhet_modul - INFO - API-säkerhetsmodul initierad
2025-12-02 19:15:27,228 - __main__ - ERROR - Oväntad exception
Traceback (most recent call last):
  File "C:\Users\ÄGARE\Documents\Chas\neab_security_assessment\huvudskript.py", line 317, in main
    assessment = NEABSecurityAssessment(args.input)
  File "C:\Users\ÄGARE\Documents\Chas\neab_security_assessment\huvudskript.py", line 75, in __init__
    self.rapport_generator = RapportGenerator(self.output_dir)
                             ~~~~~~~~~~~~~~~~^^^^^^^^^^^^^^^^^
TypeError: RapportGenerator.__init__() missing 1 required positional argument: 'output_dir'
2025-12-02 19:17:16,717 - modules.regulatorisk_modul - INFO - Regulatorisk modul initierad
2025-12-02 19:17:16,717 - modules.risk_workshop_modul - INFO - Risk Workshop-modul initierad
2025-12-02 19:17:16,718 - modules.api_sakerhet_modul - INFO - API-säkerhetsmodul initierad
2025-12-02 19:17:16,719 - modules.rapport_generator - INFO - RapportGenerator initierad - Output: C:\Users\ÄGARE\Documents\Chas\neab_security_assessment\data\output\20251202_191716
2025-12-02 19:17:16,721 - __main__ - INFO - Tillgängliga metoder i RegulatoriskAnalys: cer_krav, config, dora_krav, gdpr_krav, kartlägg_krav, nationella_krav, nis2_krav, organisation
2025-12-02 19:17:16,721 - modules.regulatorisk_modul - INFO - Startar regulatorisk kartläggning...
2025-12-02 19:17:16,722 - modules.regulatorisk_modul - INFO - Kartläggning klar: 9 krav analyserade
2025-12-02 19:17:16,724 - modules.risk_workshop_modul - INFO - Startar riskworkshop...
2025-12-02 19:17:16,725 - modules.risk_workshop_modul - INFO - Workshop klar: 32 risker identifierade
2025-12-02 19:17:16,726 - modules.risk_workshop_modul - INFO - Genererar åtgärdsplan...
2025-12-02 19:17:16,726 - modules.risk_workshop_modul - INFO - Åtgärdsplan klar: 15 åtgärder
2025-12-02 19:17:16,727 - modules.api_sakerhet_modul - INFO - Startar API-säkerhetsanalys...
2025-12-02 19:17:16,728 - modules.api_sakerhet_modul - INFO - API-analys klar: 4 scenarios analyserade
2025-12-02 19:17:16,728 - __main__ - ERROR - Heat map import-fel
Traceback (most recent call last):
  File "C:\Users\ÄGARE\Documents\Chas\neab_security_assessment\huvudskript_v2.py", line 328, in kor_komplett_analys
    from utils.risk_heatmap import generate_risk_heatmap
ModuleNotFoundError: No module named 'utils.risk_heatmap'
2025-12-02 19:17:16,732 - __main__ - INFO - Försöker generera_komplett_paket...
2025-12-02 19:17:16,732 - modules.rapport_generator - INFO - Genererar komplett rapportpaket...
2025-12-02 19:17:16,741 - __main__ - WARNING - generera_komplett_paket misslyckades: unsupported operand type(s) for /: 'str' and 'str'
2025-12-02 19:17:16,742 - __main__ - INFO - Letar efter Excel-fil i output-mappen...
2025-12-02 19:17:16,743 - __main__ - INFO - Skapar Excel manuellt...
2025-12-02 19:17:16,773 - __main__ - INFO - Manuell Excel skapad: C:\Users\ÄGARE\Documents\Chas\neab_security_assessment\data\output\20251202_191716\NEAB_Sakerhetsanalys_20251202_191716.xlsx
2025-12-02 19:17:16,775 - __main__ - INFO - === DEBUG: Förbereder PDF-data ===
2025-12-02 19:17:16,775 - __main__ - INFO - Resultat nycklar: ['regulatorisk', 'risk', 'mitigering', 'api']
2025-12-02 19:17:16,776 - __main__ - INFO - Regulatorisk nycklar: ['krav', 'statistik', 'sammanfattning', 'prioriterade_åtgärder', 'efterlevnad_procent']
2025-12-02 19:17:16,776 - __main__ - INFO - Risk nycklar: ['risker', 'riskmatris', 'sammanfattning', 'top_risker', 'tillgangar', 'riskfordelning']
2025-12-02 19:17:16,777 - __main__ - INFO - Mitigering nycklar: ['åtgärder', 'sammanfattning', 'budget_estimat', 'tidslinje']
2025-12-02 19:17:16,777 - __main__ - INFO - Antal krav: 9
2025-12-02 19:17:16,778 - __main__ - INFO - Exempel krav struktur: ['Regelverk', 'Artikel', 'Krav', 'Tillämpning', 'Status', 'Gap-analys', 'Föreslagen åtgärd', 'CIS Controls']
2025-12-02 19:17:16,778 - __main__ - INFO - Antal risker: 32
2025-12-02 19:17:16,778 - __main__ - INFO - Exempel risk struktur: ['Risk-ID', 'Tillgång / område', 'Hot', 'STRIDE', 'Sårbarhet', 'Konsekvens', 'CIA-påverkan', 'Konsekvensnivå', 'Sannolikhet', 'Riskvärde', 'Risknivå', 'Befintliga kontroller', 'Regelverk', 'Kommentar']
2025-12-02 19:17:16,779 - __main__ - INFO - Första risken: {'Risk-ID': 'R002', 'Tillgång / område': 'Identitets- och behörighetsplattform', 'Hot': 'Ransomware via kontors-IT', 'STRIDE': 'Denial of Service (Överbelastning)', 'Sårbarhet': 'Bristande zonindelning IT/OT, delade autentiseringstjänster', 'Konsekvens': 'Driftstopp, målvärde: RTO 2 h', 'CIA-påverkan': 'A', 'Konsekvensnivå': 5, 'Sannolikhet': 3, 'Riskvärde': 15, 'Risknivå': 'Mycket hög', 'Befintliga kontroller': 'Åtkomstkontroll (delvis MFA); Loggning till SIEM; Backup med RTO 2 h', 'Regelverk': 'NIS2 Art. 21', 'Kommentar': 'Krypterad data och system via phishing, risk för sidoförflyttning mot OT'}
2025-12-02 19:17:16,779 - __main__ - INFO - Top risk: Ransomware via kontors-IT (Identitets- och behörighetsplattform) - Mycket hög
2025-12-02 19:17:16,780 - __main__ - INFO - Top risk: Ransomware via kontors-IT (SCADA/DCS) - Mycket hög
2025-12-02 19:17:16,780 - __main__ - INFO - Top risk: Phishing / MFA-trötthet (Identitets- och behörighetsplattform) - Mycket hög
2025-12-02 19:17:16,781 - __main__ - INFO - Top risk: Phishing / MFA-trötthet (Driftcentral) - Mycket hög
2025-12-02 19:17:16,781 - __main__ - INFO - Top risk: Ransomware via kontors-IT (Kund- och faktureringssystem) - Hög
2025-12-02 19:17:16,782 - __main__ - INFO - Top risks slutresultat: ['Ransomware via kontors-IT (Identitets- och behörighetsplattform) - Mycket hög', 'Ransomware via kontors-IT (SCADA/DCS) - Mycket hög', 'Phishing / MFA-trötthet (Identitets- och behörighetsplattform) - Mycket hög', 'Phishing / MFA-trötthet (Driftcentral) - Mycket hög', 'Ransomware via kontors-IT (Kund- och faktureringssystem) - Hög']
2025-12-02 19:17:16,782 - __main__ - INFO - Regulatory gaps: 7
2025-12-02 19:17:16,783 - __main__ - INFO - Antal åtgärder: 15
2025-12-02 19:17:16,783 - __main__ - INFO - Exempel åtgärd: {'Åtgärds-ID': 'Å001', 'Risk-ID': 'R002', 'Beskrivning': 'Implementera Zero Trust-segmentering mellan IT och OT. Inför EDR på alla endpoints.', 'Strategi': 'Reducera', 'CIS Controls': 'CIS 4.1, CIS 4.2, CIS 10.1, CIS 13.2', 'Ansvarig roll': 'IT-chef / OT-säkerhetsansvarig', 'Planerat datum': '2026-05-31', 'Kostnad': 'H', 'Effekt': 'H', 'Status': 'Planerad', 'Kvarvarande risk': 'Medel', 'Implementation': 'Kartlägg alla dataflöden IT-OT; Upphandla EDR-lösning; Implementera mikrosegmentering; Testa återställning från backup'}
2025-12-02 19:17:16,783 - __main__ - INFO - Bearbetar åtgärd 1: ['Åtgärds-ID', 'Risk-ID', 'Beskrivning', 'Strategi', 'CIS Controls', 'Ansvarig roll', 'Planerat datum', 'Kostnad', 'Effekt', 'Status', 'Kvarvarande risk', 'Implementation']
2025-12-02 19:17:16,784 - __main__ - INFO - Åtgärd 1 tillagd: Implementera Zero Trust-segmentering mellan IT och OT. Inför EDR på alla endpoin...
2025-12-02 19:17:16,784 - __main__ - INFO - Bearbetar åtgärd 2: ['Åtgärds-ID', 'Risk-ID', 'Beskrivning', 'Strategi', 'CIS Controls', 'Ansvarig roll', 'Planerat datum', 'Kostnad', 'Effekt', 'Status', 'Kvarvarande risk', 'Implementation']
2025-12-02 19:17:16,785 - __main__ - INFO - Åtgärd 2 är duplikat, skippar
2025-12-02 19:17:16,785 - __main__ - INFO - Bearbetar åtgärd 3: ['Åtgärds-ID', 'Risk-ID', 'Beskrivning', 'Strategi', 'CIS Controls', 'Ansvarig roll', 'Planerat datum', 'Kostnad', 'Effekt', 'Status', 'Kvarvarande risk', 'Implementation']
2025-12-02 19:17:16,786 - __main__ - INFO - Åtgärd 2 tillagd: Komplettera MFA-införande till 100%. Genomför obligatorisk phishing-utbildning k...
2025-12-02 19:17:16,786 - __main__ - INFO - Bearbetar åtgärd 4: ['Åtgärds-ID', 'Risk-ID', 'Beskrivning', 'Strategi', 'CIS Controls', 'Ansvarig roll', 'Planerat datum', 'Kostnad', 'Effekt', 'Status', 'Kvarvarande risk', 'Implementation']
2025-12-02 19:17:16,786 - __main__ - INFO - Åtgärd 4 är duplikat, skippar
2025-12-02 19:17:16,787 - __main__ - INFO - Bearbetar åtgärd 5: ['Åtgärds-ID', 'Risk-ID', 'Beskrivning', 'Strategi', 'CIS Controls', 'Ansvarig roll', 'Planerat datum', 'Kostnad', 'Effekt', 'Status', 'Kvarvarande risk', 'Implementation']
2025-12-02 19:17:16,787 - __main__ - INFO - Åtgärd 5 är duplikat, skippar
2025-12-02 19:17:16,787 - __main__ - INFO - Bearbetar åtgärd 6: ['Åtgärds-ID', 'Risk-ID', 'Beskrivning', 'Strategi', 'CIS Controls', 'Ansvarig roll', 'Planerat datum', 'Kostnad', 'Effekt', 'Status', 'Kvarvarande risk', 'Implementation']
2025-12-02 19:17:16,787 - __main__ - INFO - Åtgärd 6 är duplikat, skippar
2025-12-02 19:17:16,788 - __main__ - INFO - Bearbetar åtgärd 7: ['Åtgärds-ID', 'Risk-ID', 'Beskrivning', 'Strategi', 'CIS Controls', 'Ansvarig roll', 'Planerat datum', 'Kostnad', 'Effekt', 'Status', 'Kvarvarande risk', 'Implementation']
2025-12-02 19:17:16,788 - __main__ - INFO - Åtgärd 3 tillagd: Åtgärda identifierad risk: Bristande efterlevnad av GDPR Art. 35...
2025-12-02 19:17:16,788 - __main__ - INFO - Bearbetar åtgärd 8: ['Åtgärds-ID', 'Risk-ID', 'Beskrivning', 'Strategi', 'CIS Controls', 'Ansvarig roll', 'Planerat datum', 'Kostnad', 'Effekt', 'Status', 'Kvarvarande risk', 'Implementation']
2025-12-02 19:17:16,788 - __main__ - INFO - Åtgärd 4 tillagd: Inför PAM (Privileged Access Management) för all leverantörsåtkomst med MFA och ...
2025-12-02 19:17:16,789 - __main__ - INFO - Bearbetar åtgärd 9: ['Åtgärds-ID', 'Risk-ID', 'Beskrivning', 'Strategi', 'CIS Controls', 'Ansvarig roll', 'Planerat datum', 'Kostnad', 'Effekt', 'Status', 'Kvarvarande risk', 'Implementation']
2025-12-02 19:17:16,789 - __main__ - INFO - Åtgärd 5 tillagd: Implementera API-säkerhetslösning med rate limiting, token rotation och logging...
2025-12-02 19:17:16,789 - __main__ - INFO - Priority actions: ['Implementera Zero Trust-segmentering mellan IT och OT. Inför EDR på alla endpoints.', 'Komplettera MFA-införande till 100%. Genomför obligatorisk phishing-utbildning kvartalsvis.', 'Åtgärda identifierad risk: Bristande efterlevnad av GDPR Art. 35', 'Inför PAM (Privileged Access Management) för all leverantörsåtkomst med MFA och tidsbegränsning', 'Implementera API-säkerhetslösning med rate limiting, token rotation och logging']
2025-12-02 19:17:16,790 - __main__ - INFO - Riskfördelning visar alla som 'Okänd', räknar om från risker...
2025-12-02 19:17:16,790 - __main__ - INFO - Ny riskfördelning: {'Mycket hög': 4, 'Hög': 7, 'Medel': 20, 'Låg': 1}
2025-12-02 19:17:16,790 - __main__ - INFO - Risk distribution: {'Mycket hög': 4, 'Hög': 7, 'Medel': 20, 'Låg': 1}
2025-12-02 19:17:16,790 - __main__ - INFO - === PDF data sammanfattning ===
2025-12-02 19:17:16,791 - __main__ - INFO - Compliance: 22.22222222222222%
2025-12-02 19:17:16,791 - __main__ - INFO - Mycket höga risker: 4
2025-12-02 19:17:16,791 - __main__ - INFO - Top risks antal: 5
2025-12-02 19:17:16,792 - __main__ - INFO - Priority actions antal: 5
2025-12-02 22:19:09,194 - modules.regulatorisk_modul - INFO - Regulatorisk modul initierad
2025-12-02 22:19:09,195 - modules.risk_workshop_modul - INFO - Risk Workshop-modul initierad
2025-12-02 22:19:09,195 - modules.api_sakerhet_modul - INFO - API-säkerhetsmodul initierad
2025-12-02 22:19:09,195 - modules.rapport_generator - INFO - RapportGenerator initierad - Output: C:\Users\ÄGARE\Documents\Chas\neab_security_assessment\data\output\20251202_221908
2025-12-02 22:19:09,198 - __main__ - INFO - Tillgängliga metoder i RegulatoriskAnalys: cer_krav, config, dora_krav, gdpr_krav, kartlägg_krav, nationella_krav, nis2_krav, organisation
2025-12-02 22:19:09,198 - modules.regulatorisk_modul - INFO - Startar regulatorisk kartläggning...
2025-12-02 22:19:09,199 - modules.regulatorisk_modul - INFO - Kartläggning klar: 9 krav analyserade
2025-12-02 22:19:09,199 - modules.risk_workshop_modul - INFO - Startar riskworkshop...
2025-12-02 22:19:09,200 - modules.risk_workshop_modul - INFO - Workshop klar: 32 risker identifierade
2025-12-02 22:19:09,202 - modules.risk_workshop_modul - INFO - Genererar åtgärdsplan...
2025-12-02 22:19:09,202 - modules.risk_workshop_modul - INFO - Åtgärdsplan klar: 15 åtgärder
2025-12-02 22:19:09,204 - modules.api_sakerhet_modul - INFO - Startar API-säkerhetsanalys...
2025-12-02 22:19:09,204 - modules.api_sakerhet_modul - INFO - API-analys klar: 4 scenarios analyserade
2025-12-02 22:19:09,206 - __main__ - ERROR - Heat map import-fel
Traceback (most recent call last):
  File "C:\Users\ÄGARE\Documents\Chas\neab_security_assessment\huvudskript_v2.py", line 328, in kor_komplett_analys
    from utils.risk_heatmap import generate_risk_heatmap
ModuleNotFoundError: No module named 'utils.risk_heatmap'
2025-12-02 22:19:09,209 - __main__ - INFO - Försöker generera_komplett_paket...
2025-12-02 22:19:09,209 - modules.rapport_generator - INFO - Genererar komplett rapportpaket...
2025-12-02 22:19:09,216 - __main__ - WARNING - generera_komplett_paket misslyckades: unsupported operand type(s) for /: 'str' and 'str'
2025-12-02 22:19:09,217 - __main__ - INFO - Letar efter Excel-fil i output-mappen...
2025-12-02 22:19:09,217 - __main__ - INFO - Skapar Excel med backup-generator...
2025-12-02 22:19:09,320 - utils.excel_backup_generator - INFO - Excel backup skapad: C:\Users\ÄGARE\Documents\Chas\neab_security_assessment\data\output\20251202_221908\NEAB_Sakerhetsanalys_20251202_221908.xlsx
2025-12-02 22:19:09,321 - __main__ - INFO - Backup Excel skapad: C:\Users\ÄGARE\Documents\Chas\neab_security_assessment\data\output\20251202_221908\NEAB_Sakerhetsanalys_20251202_221908.xlsx
2025-12-02 22:19:09,322 - __main__ - INFO - === DEBUG: Förbereder PDF-data ===
2025-12-02 22:19:09,323 - __main__ - INFO - Resultat nycklar: ['regulatorisk', 'risk', 'mitigering', 'api']
2025-12-02 22:19:09,323 - __main__ - INFO - Regulatorisk nycklar: ['krav', 'statistik', 'sammanfattning', 'prioriterade_åtgärder', 'efterlevnad_procent']
2025-12-02 22:19:09,324 - __main__ - INFO - Risk nycklar: ['risker', 'riskmatris', 'sammanfattning', 'top_risker', 'tillgangar', 'riskfordelning']
2025-12-02 22:19:09,324 - __main__ - INFO - Mitigering nycklar: ['åtgärder', 'sammanfattning', 'budget_estimat', 'tidslinje']
2025-12-02 22:19:09,325 - __main__ - INFO - Antal krav: 9
2025-12-02 22:19:09,326 - __main__ - INFO - Exempel krav struktur: ['Regelverk', 'Artikel', 'Krav', 'Tillämpning', 'Status', 'Gap-analys', 'Föreslagen åtgärd', 'CIS Controls']
2025-12-02 22:19:09,326 - __main__ - INFO - Antal risker: 32
2025-12-02 22:19:09,327 - __main__ - INFO - Exempel risk struktur: ['Risk-ID', 'Tillgång / område', 'Hot', 'STRIDE', 'Sårbarhet', 'Konsekvens', 'CIA-påverkan', 'Konsekvensnivå', 'Sannolikhet', 'Riskvärde', 'Risknivå', 'Befintliga kontroller', 'Regelverk', 'Kommentar']
2025-12-02 22:19:09,327 - __main__ - INFO - Första risken: {'Risk-ID': 'R002', 'Tillgång / område': 'Identitets- och behörighetsplattform', 'Hot': 'Ransomware via kontors-IT', 'STRIDE': 'Denial of Service (Överbelastning)', 'Sårbarhet': 'Bristande zonindelning IT/OT, delade autentiseringstjänster', 'Konsekvens': 'Driftstopp, målvärde: RTO 2 h', 'CIA-påverkan': 'A', 'Konsekvensnivå': 5, 'Sannolikhet': 3, 'Riskvärde': 15, 'Risknivå': 'Mycket hög', 'Befintliga kontroller': 'Åtkomstkontroll (delvis MFA); Loggning till SIEM; Backup med RTO 2 h', 'Regelverk': 'NIS2 Art. 21', 'Kommentar': 'Krypterad data och system via phishing, risk för sidoförflyttning mot OT'}
2025-12-02 22:19:09,328 - __main__ - INFO - Top risk: Ransomware via kontors-IT (Identitets- och behörighetsplattform) - Mycket hög
2025-12-02 22:19:09,328 - __main__ - INFO - Top risk: Ransomware via kontors-IT (SCADA/DCS) - Mycket hög
2025-12-02 22:19:09,329 - __main__ - INFO - Top risk: Phishing / MFA-trötthet (Identitets- och behörighetsplattform) - Mycket hög
2025-12-02 22:19:09,329 - __main__ - INFO - Top risk: Phishing / MFA-trötthet (Driftcentral) - Mycket hög
2025-12-02 22:19:09,330 - __main__ - INFO - Top risk: Ransomware via kontors-IT (Kund- och faktureringssystem) - Hög
2025-12-02 22:19:09,330 - __main__ - INFO - Top risks slutresultat: ['Ransomware via kontors-IT (Identitets- och behörighetsplattform) - Mycket hög', 'Ransomware via kontors-IT (SCADA/DCS) - Mycket hög', 'Phishing / MFA-trötthet (Identitets- och behörighetsplattform) - Mycket hög', 'Phishing / MFA-trötthet (Driftcentral) - Mycket hög', 'Ransomware via kontors-IT (Kund- och faktureringssystem) - Hög']
2025-12-02 22:19:09,331 - __main__ - INFO - Regulatory gaps: 7
2025-12-02 22:19:09,331 - __main__ - INFO - Antal åtgärder: 15
2025-12-02 22:19:09,331 - __main__ - INFO - Exempel åtgärd: {'Åtgärds-ID': 'Å001', 'Risk-ID': 'R002', 'Beskrivning': 'Implementera Zero Trust-segmentering mellan IT och OT. Inför EDR på alla endpoints.', 'Strategi': 'Reducera', 'CIS Controls': 'CIS 4.1, CIS 4.2, CIS 10.1, CIS 13.2', 'Ansvarig roll': 'IT-chef / OT-säkerhetsansvarig', 'Planerat datum': '2026-05-31', 'Kostnad': 'H', 'Effekt': 'H', 'Status': 'Planerad', 'Kvarvarande risk': 'Medel', 'Implementation': 'Kartlägg alla dataflöden IT-OT; Upphandla EDR-lösning; Implementera mikrosegmentering; Testa återställning från backup'}
2025-12-02 22:19:09,332 - __main__ - INFO - Bearbetar åtgärd 1: ['Åtgärds-ID', 'Risk-ID', 'Beskrivning', 'Strategi', 'CIS Controls', 'Ansvarig roll', 'Planerat datum', 'Kostnad', 'Effekt', 'Status', 'Kvarvarande risk', 'Implementation']
2025-12-02 22:19:09,332 - __main__ - INFO - Åtgärd 1 tillagd: Implementera Zero Trust-segmentering mellan IT och OT. Inför EDR på alla endpoin...
2025-12-02 22:19:09,332 - __main__ - INFO - Bearbetar åtgärd 2: ['Åtgärds-ID', 'Risk-ID', 'Beskrivning', 'Strategi', 'CIS Controls', 'Ansvarig roll', 'Planerat datum', 'Kostnad', 'Effekt', 'Status', 'Kvarvarande risk', 'Implementation']
2025-12-02 22:19:09,332 - __main__ - INFO - Åtgärd 2 är duplikat, skippar
2025-12-02 22:19:09,332 - __main__ - INFO - Bearbetar åtgärd 3: ['Åtgärds-ID', 'Risk-ID', 'Beskrivning', 'Strategi', 'CIS Controls', 'Ansvarig roll', 'Planerat datum', 'Kostnad', 'Effekt', 'Status', 'Kvarvarande risk', 'Implementation']
2025-12-02 22:19:09,333 - __main__ - INFO - Åtgärd 2 tillagd: Komplettera MFA-införande till 100%. Genomför obligatorisk phishing-utbildning k...
2025-12-02 22:19:09,333 - __main__ - INFO - Bearbetar åtgärd 4: ['Åtgärds-ID', 'Risk-ID', 'Beskrivning', 'Strategi', 'CIS Controls', 'Ansvarig roll', 'Planerat datum', 'Kostnad', 'Effekt', 'Status', 'Kvarvarande risk', 'Implementation']
2025-12-02 22:19:09,333 - __main__ - INFO - Åtgärd 4 är duplikat, skippar
2025-12-02 22:19:09,333 - __main__ - INFO - Bearbetar åtgärd 5: ['Åtgärds-ID', 'Risk-ID', 'Beskrivning', 'Strategi', 'CIS Controls', 'Ansvarig roll', 'Planerat datum', 'Kostnad', 'Effekt', 'Status', 'Kvarvarande risk', 'Implementation']
2025-12-02 22:19:09,334 - __main__ - INFO - Åtgärd 5 är duplikat, skippar
2025-12-02 22:19:09,334 - __main__ - INFO - Bearbetar åtgärd 6: ['Åtgärds-ID', 'Risk-ID', 'Beskrivning', 'Strategi', 'CIS Controls', 'Ansvarig roll', 'Planerat datum', 'Kostnad', 'Effekt', 'Status', 'Kvarvarande risk', 'Implementation']
2025-12-02 22:19:09,334 - __main__ - INFO - Åtgärd 6 är duplikat, skippar
2025-12-02 22:19:09,334 - __main__ - INFO - Bearbetar åtgärd 7: ['Åtgärds-ID', 'Risk-ID', 'Beskrivning', 'Strategi', 'CIS Controls', 'Ansvarig roll', 'Planerat datum', 'Kostnad', 'Effekt', 'Status', 'Kvarvarande risk', 'Implementation']
2025-12-02 22:19:09,335 - __main__ - INFO - Åtgärd 3 tillagd: Åtgärda identifierad risk: Bristande efterlevnad av GDPR Art. 35...
2025-12-02 22:19:09,335 - __main__ - INFO - Bearbetar åtgärd 8: ['Åtgärds-ID', 'Risk-ID', 'Beskrivning', 'Strategi', 'CIS Controls', 'Ansvarig roll', 'Planerat datum', 'Kostnad', 'Effekt', 'Status', 'Kvarvarande risk', 'Implementation']
2025-12-02 22:19:09,335 - __main__ - INFO - Åtgärd 4 tillagd: Inför PAM (Privileged Access Management) för all leverantörsåtkomst med MFA och ...
2025-12-02 22:19:09,335 - __main__ - INFO - Bearbetar åtgärd 9: ['Åtgärds-ID', 'Risk-ID', 'Beskrivning', 'Strategi', 'CIS Controls', 'Ansvarig roll', 'Planerat datum', 'Kostnad', 'Effekt', 'Status', 'Kvarvarande risk', 'Implementation']
2025-12-02 22:19:09,335 - __main__ - INFO - Åtgärd 5 tillagd: Implementera API-säkerhetslösning med rate limiting, token rotation och logging...
2025-12-02 22:19:09,336 - __main__ - INFO - Priority actions: ['Implementera Zero Trust-segmentering mellan IT och OT. Inför EDR på alla endpoints.', 'Komplettera MFA-införande till 100%. Genomför obligatorisk phishing-utbildning kvartalsvis.', 'Åtgärda identifierad risk: Bristande efterlevnad av GDPR Art. 35', 'Inför PAM (Privileged Access Management) för all leverantörsåtkomst med MFA och tidsbegränsning', 'Implementera API-säkerhetslösning med rate limiting, token rotation och logging']
2025-12-02 22:19:09,336 - __main__ - INFO - Riskfördelning visar alla som 'Okänd', räknar om från risker...
2025-12-02 22:19:09,336 - __main__ - INFO - Ny riskfördelning: {'Mycket hög': 4, 'Hög': 7, 'Medel': 20, 'Låg': 1}
2025-12-02 22:19:09,336 - __main__ - INFO - Risk distribution: {'Mycket hög': 4, 'Hög': 7, 'Medel': 20, 'Låg': 1}
2025-12-02 22:19:09,336 - __main__ - INFO - === PDF data sammanfattning ===
2025-12-02 22:19:09,337 - __main__ - INFO - Compliance: 22.22222222222222%
2025-12-02 22:19:09,337 - __main__ - INFO - Mycket höga risker: 4
2025-12-02 22:19:09,337 - __main__ - INFO - Top risks antal: 5
2025-12-02 22:19:09,337 - __main__ - INFO - Priority actions antal: 5
2025-12-03 08:17:15,641 - modules.regulatorisk_modul - INFO - Regulatorisk modul initierad
2025-12-03 08:17:15,642 - modules.risk_workshop_modul - INFO - Risk Workshop-modul initierad
2025-12-03 08:17:15,643 - modules.api_sakerhet_modul - INFO - API-säkerhetsmodul initierad
2025-12-03 08:17:15,644 - modules.rapport_generator - INFO - RapportGenerator initierad - Output: C:\Users\ÄGARE\Documents\Chas\neab_security_assessment\data\output\20251203_081713
2025-12-03 08:17:15,646 - __main__ - INFO - Tillgängliga metoder i RegulatoriskAnalys: cer_krav, config, dora_krav, gdpr_krav, kartlägg_krav, nationella_krav, nis2_krav, organisation
2025-12-03 08:17:15,646 - modules.regulatorisk_modul - INFO - Startar regulatorisk kartläggning...
2025-12-03 08:17:15,647 - modules.regulatorisk_modul - INFO - Kartläggning klar: 9 krav analyserade
2025-12-03 08:17:15,648 - modules.risk_workshop_modul - INFO - Startar riskworkshop...
2025-12-03 08:17:15,649 - modules.risk_workshop_modul - INFO - Workshop klar: 32 risker identifierade
2025-12-03 08:17:15,650 - modules.risk_workshop_modul - INFO - Genererar åtgärdsplan...
2025-12-03 08:17:15,651 - modules.risk_workshop_modul - INFO - Åtgärdsplan klar: 15 åtgärder
2025-12-03 08:17:15,652 - modules.api_sakerhet_modul - INFO - Startar API-säkerhetsanalys...
2025-12-03 08:17:15,652 - modules.api_sakerhet_modul - INFO - API-analys klar: 4 scenarios analyserade
2025-12-03 08:17:15,654 - __main__ - ERROR - Heat map import-fel
Traceback (most recent call last):
  File "C:\Users\ÄGARE\Documents\Chas\neab_security_assessment\huvudskript_v2.py", line 328, in kor_komplett_analys
    from utils.risk_heatmap import generate_risk_heatmap
ModuleNotFoundError: No module named 'utils.risk_heatmap'
2025-12-03 08:17:15,658 - __main__ - INFO - Försöker generera_komplett_paket...
2025-12-03 08:17:15,659 - modules.rapport_generator - INFO - Genererar komplett rapportpaket...
2025-12-03 08:17:15,668 - __main__ - WARNING - generera_komplett_paket misslyckades: unsupported operand type(s) for /: 'str' and 'str'
2025-12-03 08:17:15,669 - __main__ - INFO - Letar efter Excel-fil i output-mappen...
2025-12-03 08:17:15,670 - __main__ - INFO - Skapar Excel med backup-generator...
2025-12-03 08:17:15,822 - utils.excel_backup_generator - INFO - Excel backup skapad: C:\Users\ÄGARE\Documents\Chas\neab_security_assessment\data\output\20251203_081713\NEAB_Sakerhetsanalys_20251203_081713.xlsx
2025-12-03 08:17:15,823 - __main__ - INFO - Backup Excel skapad: C:\Users\ÄGARE\Documents\Chas\neab_security_assessment\data\output\20251203_081713\NEAB_Sakerhetsanalys_20251203_081713.xlsx
2025-12-03 08:17:15,825 - __main__ - INFO - === DEBUG: Förbereder PDF-data ===
2025-12-03 08:17:15,825 - __main__ - INFO - Resultat nycklar: ['regulatorisk', 'risk', 'mitigering', 'api']
2025-12-03 08:17:15,826 - __main__ - INFO - Regulatorisk nycklar: ['krav', 'statistik', 'sammanfattning', 'prioriterade_åtgärder', 'efterlevnad_procent']
2025-12-03 08:17:15,826 - __main__ - INFO - Risk nycklar: ['risker', 'riskmatris', 'sammanfattning', 'top_risker', 'tillgangar', 'riskfordelning']
2025-12-03 08:17:15,826 - __main__ - INFO - Mitigering nycklar: ['åtgärder', 'sammanfattning', 'budget_estimat', 'tidslinje']
2025-12-03 08:17:15,827 - __main__ - INFO - Antal krav: 9
2025-12-03 08:17:15,827 - __main__ - INFO - Exempel krav struktur: ['Regelverk', 'Artikel', 'Krav', 'Tillämpning', 'Status', 'Gap-analys', 'Föreslagen åtgärd', 'CIS Controls']
2025-12-03 08:17:15,828 - __main__ - INFO - Antal risker: 32
2025-12-03 08:17:15,828 - __main__ - INFO - Exempel risk struktur: ['Risk-ID', 'Tillgång / område', 'Hot', 'STRIDE', 'Sårbarhet', 'Konsekvens', 'CIA-påverkan', 'Konsekvensnivå', 'Sannolikhet', 'Riskvärde', 'Risknivå', 'Befintliga kontroller', 'Regelverk', 'Kommentar']
2025-12-03 08:17:15,828 - __main__ - INFO - Första risken: {'Risk-ID': 'R002', 'Tillgång / område': 'Identitets- och behörighetsplattform', 'Hot': 'Ransomware via kontors-IT', 'STRIDE': 'Denial of Service (Överbelastning)', 'Sårbarhet': 'Bristande zonindelning IT/OT, delade autentiseringstjänster', 'Konsekvens': 'Driftstopp, målvärde: RTO 2 h', 'CIA-påverkan': 'A', 'Konsekvensnivå': 5, 'Sannolikhet': 3, 'Riskvärde': 15, 'Risknivå': 'Mycket hög', 'Befintliga kontroller': 'Åtkomstkontroll (delvis MFA); Loggning till SIEM; Backup med RTO 2 h', 'Regelverk': 'NIS2 Art. 21', 'Kommentar': 'Krypterad data och system via phishing, risk för sidoförflyttning mot OT'}
2025-12-03 08:17:15,829 - __main__ - INFO - Top risk: Ransomware via kontors-IT (Identitets- och behörighetsplattform) - Mycket hög
2025-12-03 08:17:15,829 - __main__ - INFO - Top risk: Ransomware via kontors-IT (SCADA/DCS) - Mycket hög
2025-12-03 08:17:15,829 - __main__ - INFO - Top risk: Phishing / MFA-trötthet (Identitets- och behörighetsplattform) - Mycket hög
2025-12-03 08:17:15,830 - __main__ - INFO - Top risk: Phishing / MFA-trötthet (Driftcentral) - Mycket hög
2025-12-03 08:17:15,830 - __main__ - INFO - Top risk: Ransomware via kontors-IT (Kund- och faktureringssystem) - Hög
2025-12-03 08:17:15,831 - __main__ - INFO - Top risks slutresultat: ['Ransomware via kontors-IT (Identitets- och behörighetsplattform) - Mycket hög', 'Ransomware via kontors-IT (SCADA/DCS) - Mycket hög', 'Phishing / MFA-trötthet (Identitets- och behörighetsplattform) - Mycket hög', 'Phishing / MFA-trötthet (Driftcentral) - Mycket hög', 'Ransomware via kontors-IT (Kund- och faktureringssystem) - Hög']
2025-12-03 08:17:15,831 - __main__ - INFO - Regulatory gaps: 7
2025-12-03 08:17:15,831 - __main__ - INFO - Antal åtgärder: 15
2025-12-03 08:17:15,832 - __main__ - INFO - Exempel åtgärd: {'Åtgärds-ID': 'Å001', 'Risk-ID': 'R002', 'Beskrivning': 'Implementera Zero Trust-segmentering mellan IT och OT. Inför EDR på alla endpoints.', 'Strategi': 'Reducera', 'CIS Controls': 'CIS 4.1, CIS 4.2, CIS 10.1, CIS 13.2', 'Ansvarig roll': 'IT-chef / OT-säkerhetsansvarig', 'Planerat datum': '2026-06-01', 'Kostnad': 'H', 'Effekt': 'H', 'Status': 'Planerad', 'Kvarvarande risk': 'Medel', 'Implementation': 'Kartlägg alla dataflöden IT-OT; Upphandla EDR-lösning; Implementera mikrosegmentering; Testa återställning från backup'}
2025-12-03 08:17:15,832 - __main__ - INFO - Bearbetar åtgärd 1: ['Åtgärds-ID', 'Risk-ID', 'Beskrivning', 'Strategi', 'CIS Controls', 'Ansvarig roll', 'Planerat datum', 'Kostnad', 'Effekt', 'Status', 'Kvarvarande risk', 'Implementation']
2025-12-03 08:17:15,833 - __main__ - INFO - Åtgärd 1 tillagd: Implementera Zero Trust-segmentering mellan IT och OT. Inför EDR på alla endpoin...
2025-12-03 08:17:15,833 - __main__ - INFO - Bearbetar åtgärd 2: ['Åtgärds-ID', 'Risk-ID', 'Beskrivning', 'Strategi', 'CIS Controls', 'Ansvarig roll', 'Planerat datum', 'Kostnad', 'Effekt', 'Status', 'Kvarvarande risk', 'Implementation']
2025-12-03 08:17:15,834 - __main__ - INFO - Åtgärd 2 är duplikat, skippar
2025-12-03 08:17:15,834 - __main__ - INFO - Bearbetar åtgärd 3: ['Åtgärds-ID', 'Risk-ID', 'Beskrivning', 'Strategi', 'CIS Controls', 'Ansvarig roll', 'Planerat datum', 'Kostnad', 'Effekt', 'Status', 'Kvarvarande risk', 'Implementation']
2025-12-03 08:17:15,834 - __main__ - INFO - Åtgärd 2 tillagd: Komplettera MFA-införande till 100%. Genomför obligatorisk phishing-utbildning k...
2025-12-03 08:17:15,835 - __main__ - INFO - Bearbetar åtgärd 4: ['Åtgärds-ID', 'Risk-ID', 'Beskrivning', 'Strategi', 'CIS Controls', 'Ansvarig roll', 'Planerat datum', 'Kostnad', 'Effekt', 'Status', 'Kvarvarande risk', 'Implementation']
2025-12-03 08:17:15,835 - __main__ - INFO - Åtgärd 4 är duplikat, skippar
2025-12-03 08:17:15,835 - __main__ - INFO - Bearbetar åtgärd 5: ['Åtgärds-ID', 'Risk-ID', 'Beskrivning', 'Strategi', 'CIS Controls', 'Ansvarig roll', 'Planerat datum', 'Kostnad', 'Effekt', 'Status', 'Kvarvarande risk', 'Implementation']
2025-12-03 08:17:15,836 - __main__ - INFO - Åtgärd 5 är duplikat, skippar
2025-12-03 08:17:15,836 - __main__ - INFO - Bearbetar åtgärd 6: ['Åtgärds-ID', 'Risk-ID', 'Beskrivning', 'Strategi', 'CIS Controls', 'Ansvarig roll', 'Planerat datum', 'Kostnad', 'Effekt', 'Status', 'Kvarvarande risk', 'Implementation']
2025-12-03 08:17:15,837 - __main__ - INFO - Åtgärd 6 är duplikat, skippar
2025-12-03 08:17:15,837 - __main__ - INFO - Bearbetar åtgärd 7: ['Åtgärds-ID', 'Risk-ID', 'Beskrivning', 'Strategi', 'CIS Controls', 'Ansvarig roll', 'Planerat datum', 'Kostnad', 'Effekt', 'Status', 'Kvarvarande risk', 'Implementation']
2025-12-03 08:17:15,837 - __main__ - INFO - Åtgärd 3 tillagd: Åtgärda identifierad risk: Bristande efterlevnad av GDPR Art. 35...
2025-12-03 08:17:15,838 - __main__ - INFO - Bearbetar åtgärd 8: ['Åtgärds-ID', 'Risk-ID', 'Beskrivning', 'Strategi', 'CIS Controls', 'Ansvarig roll', 'Planerat datum', 'Kostnad', 'Effekt', 'Status', 'Kvarvarande risk', 'Implementation']
2025-12-03 08:17:15,838 - __main__ - INFO - Åtgärd 4 tillagd: Inför PAM (Privileged Access Management) för all leverantörsåtkomst med MFA och ...
2025-12-03 08:17:15,838 - __main__ - INFO - Bearbetar åtgärd 9: ['Åtgärds-ID', 'Risk-ID', 'Beskrivning', 'Strategi', 'CIS Controls', 'Ansvarig roll', 'Planerat datum', 'Kostnad', 'Effekt', 'Status', 'Kvarvarande risk', 'Implementation']
2025-12-03 08:17:15,838 - __main__ - INFO - Åtgärd 5 tillagd: Implementera API-säkerhetslösning med rate limiting, token rotation och logging...
2025-12-03 08:17:15,839 - __main__ - INFO - Priority actions: ['Implementera Zero Trust-segmentering mellan IT och OT. Inför EDR på alla endpoints.', 'Komplettera MFA-införande till 100%. Genomför obligatorisk phishing-utbildning kvartalsvis.', 'Åtgärda identifierad risk: Bristande efterlevnad av GDPR Art. 35', 'Inför PAM (Privileged Access Management) för all leverantörsåtkomst med MFA och tidsbegränsning', 'Implementera API-säkerhetslösning med rate limiting, token rotation och logging']
2025-12-03 08:17:15,839 - __main__ - INFO - Riskfördelning visar alla som 'Okänd', räknar om från risker...
2025-12-03 08:17:15,839 - __main__ - INFO - Ny riskfördelning: {'Mycket hög': 4, 'Hög': 7, 'Medel': 20, 'Låg': 1}
2025-12-03 08:17:15,839 - __main__ - INFO - Risk distribution: {'Mycket hög': 4, 'Hög': 7, 'Medel': 20, 'Låg': 1}
2025-12-03 08:17:15,840 - __main__ - INFO - === PDF data sammanfattning ===
2025-12-03 08:17:15,840 - __main__ - INFO - Compliance: 22.22222222222222%
2025-12-03 08:17:15,840 - __main__ - INFO - Mycket höga risker: 4
2025-12-03 08:17:15,840 - __main__ - INFO - Top risks antal: 5
2025-12-03 08:17:15,841 - __main__ - INFO - Priority actions antal: 5
2025-12-03 08:21:46,417 - modules.regulatorisk_modul - INFO - Regulatorisk modul initierad
2025-12-03 08:21:46,417 - modules.risk_workshop_modul - INFO - Risk Workshop-modul initierad
2025-12-03 08:21:46,418 - modules.api_sakerhet_modul - INFO - API-säkerhetsmodul initierad
2025-12-03 08:21:46,418 - modules.rapport_generator - INFO - RapportGenerator initierad - Output: C:\Users\ÄGARE\Documents\Chas\neab_security_assessment\data\output\20251203_082145
2025-12-03 08:21:46,420 - __main__ - INFO - Tillgängliga metoder i RegulatoriskAnalys: cer_krav, config, dora_krav, gdpr_krav, kartlägg_krav, nationella_krav, nis2_krav, organisation
2025-12-03 08:21:46,421 - modules.regulatorisk_modul - INFO - Startar regulatorisk kartläggning...
2025-12-03 08:21:46,421 - modules.regulatorisk_modul - INFO - Kartläggning klar: 9 krav analyserade
2025-12-03 08:21:46,422 - modules.risk_workshop_modul - INFO - Startar riskworkshop...
2025-12-03 08:21:46,423 - modules.risk_workshop_modul - INFO - Workshop klar: 32 risker identifierade
2025-12-03 08:21:46,425 - modules.risk_workshop_modul - INFO - Genererar åtgärdsplan...
2025-12-03 08:21:46,426 - modules.risk_workshop_modul - INFO - Åtgärdsplan klar: 15 åtgärder
2025-12-03 08:21:46,427 - modules.api_sakerhet_modul - INFO - Startar API-säkerhetsanalys...
2025-12-03 08:21:46,428 - modules.api_sakerhet_modul - INFO - API-analys klar: 4 scenarios analyserade
2025-12-03 08:21:50,213 - matplotlib.font_manager - INFO - generated new fontManager
2025-12-03 08:21:51,410 - __main__ - INFO - Antal risker för heat map: 32
2025-12-03 08:21:51,411 - __main__ - INFO - Skapar heat map: C:\Users\ÄGARE\Documents\Chas\neab_security_assessment\data\output\20251203_082145\NEAB_Risk_Heatmap_20251203_082145.png
2025-12-03 08:21:54,849 - __main__ - INFO - Försöker generera_komplett_paket...
2025-12-03 08:21:54,849 - modules.rapport_generator - INFO - Genererar komplett rapportpaket...
2025-12-03 08:21:54,866 - __main__ - WARNING - generera_komplett_paket misslyckades: unsupported operand type(s) for /: 'str' and 'str'
2025-12-03 08:21:54,871 - __main__ - INFO - Letar efter Excel-fil i output-mappen...
2025-12-03 08:21:54,874 - __main__ - INFO - Skapar Excel med backup-generator...
2025-12-03 08:21:55,030 - utils.excel_backup_generator - INFO - Excel backup skapad: C:\Users\ÄGARE\Documents\Chas\neab_security_assessment\data\output\20251203_082145\NEAB_Sakerhetsanalys_20251203_082145.xlsx
2025-12-03 08:21:55,033 - __main__ - INFO - Backup Excel skapad: C:\Users\ÄGARE\Documents\Chas\neab_security_assessment\data\output\20251203_082145\NEAB_Sakerhetsanalys_20251203_082145.xlsx
2025-12-03 08:21:55,034 - __main__ - INFO - === DEBUG: Förbereder PDF-data ===
2025-12-03 08:21:55,035 - __main__ - INFO - Resultat nycklar: ['regulatorisk', 'risk', 'mitigering', 'api', 'heatmap_path']
2025-12-03 08:21:55,037 - __main__ - INFO - Regulatorisk nycklar: ['krav', 'statistik', 'sammanfattning', 'prioriterade_åtgärder', 'efterlevnad_procent']
2025-12-03 08:21:55,038 - __main__ - INFO - Risk nycklar: ['risker', 'riskmatris', 'sammanfattning', 'top_risker', 'tillgangar', 'riskfordelning']
2025-12-03 08:21:55,038 - __main__ - INFO - Mitigering nycklar: ['åtgärder', 'sammanfattning', 'budget_estimat', 'tidslinje']
2025-12-03 08:21:55,039 - __main__ - INFO - Antal krav: 9
2025-12-03 08:21:55,040 - __main__ - INFO - Exempel krav struktur: ['Regelverk', 'Artikel', 'Krav', 'Tillämpning', 'Status', 'Gap-analys', 'Föreslagen åtgärd', 'CIS Controls']
2025-12-03 08:21:55,040 - __main__ - INFO - Antal risker: 32
2025-12-03 08:21:55,041 - __main__ - INFO - Exempel risk struktur: ['Risk-ID', 'Tillgång / område', 'Hot', 'STRIDE', 'Sårbarhet', 'Konsekvens', 'CIA-påverkan', 'Konsekvensnivå', 'Sannolikhet', 'Riskvärde', 'Risknivå', 'Befintliga kontroller', 'Regelverk', 'Kommentar']
2025-12-03 08:21:55,041 - __main__ - INFO - Första risken: {'Risk-ID': 'R002', 'Tillgång / område': 'Identitets- och behörighetsplattform', 'Hot': 'Ransomware via kontors-IT', 'STRIDE': 'Denial of Service (Överbelastning)', 'Sårbarhet': 'Bristande zonindelning IT/OT, delade autentiseringstjänster', 'Konsekvens': 'Driftstopp, målvärde: RTO 2 h', 'CIA-påverkan': 'A', 'Konsekvensnivå': 5, 'Sannolikhet': 3, 'Riskvärde': 15, 'Risknivå': 'Mycket hög', 'Befintliga kontroller': 'Åtkomstkontroll (delvis MFA); Loggning till SIEM; Backup med RTO 2 h', 'Regelverk': 'NIS2 Art. 21', 'Kommentar': 'Krypterad data och system via phishing, risk för sidoförflyttning mot OT'}
2025-12-03 08:21:55,041 - __main__ - INFO - Top risk: Ransomware via kontors-IT (Identitets- och behörighetsplattform) - Mycket hög
2025-12-03 08:21:55,042 - __main__ - INFO - Top risk: Ransomware via kontors-IT (SCADA/DCS) - Mycket hög
2025-12-03 08:21:55,042 - __main__ - INFO - Top risk: Phishing / MFA-trötthet (Identitets- och behörighetsplattform) - Mycket hög
2025-12-03 08:21:55,043 - __main__ - INFO - Top risk: Phishing / MFA-trötthet (Driftcentral) - Mycket hög
2025-12-03 08:21:55,043 - __main__ - INFO - Top risk: Ransomware via kontors-IT (Kund- och faktureringssystem) - Hög
2025-12-03 08:21:55,043 - __main__ - INFO - Top risks slutresultat: ['Ransomware via kontors-IT (Identitets- och behörighetsplattform) - Mycket hög', 'Ransomware via kontors-IT (SCADA/DCS) - Mycket hög', 'Phishing / MFA-trötthet (Identitets- och behörighetsplattform) - Mycket hög', 'Phishing / MFA-trötthet (Driftcentral) - Mycket hög', 'Ransomware via kontors-IT (Kund- och faktureringssystem) - Hög']
2025-12-03 08:21:55,044 - __main__ - INFO - Regulatory gaps: 7
2025-12-03 08:21:55,044 - __main__ - INFO - Antal åtgärder: 15
2025-12-03 08:21:55,044 - __main__ - INFO - Exempel åtgärd: {'Åtgärds-ID': 'Å001', 'Risk-ID': 'R002', 'Beskrivning': 'Implementera Zero Trust-segmentering mellan IT och OT. Inför EDR på alla endpoints.', 'Strategi': 'Reducera', 'CIS Controls': 'CIS 4.1, CIS 4.2, CIS 10.1, CIS 13.2', 'Ansvarig roll': 'IT-chef / OT-säkerhetsansvarig', 'Planerat datum': '2026-06-01', 'Kostnad': 'H', 'Effekt': 'H', 'Status': 'Planerad', 'Kvarvarande risk': 'Medel', 'Implementation': 'Kartlägg alla dataflöden IT-OT; Upphandla EDR-lösning; Implementera mikrosegmentering; Testa återställning från backup'}
2025-12-03 08:21:55,045 - __main__ - INFO - Bearbetar åtgärd 1: ['Åtgärds-ID', 'Risk-ID', 'Beskrivning', 'Strategi', 'CIS Controls', 'Ansvarig roll', 'Planerat datum', 'Kostnad', 'Effekt', 'Status', 'Kvarvarande risk', 'Implementation']
2025-12-03 08:21:55,045 - __main__ - INFO - Åtgärd 1 tillagd: Implementera Zero Trust-segmentering mellan IT och OT. Inför EDR på alla endpoin...
2025-12-03 08:21:55,046 - __main__ - INFO - Bearbetar åtgärd 2: ['Åtgärds-ID', 'Risk-ID', 'Beskrivning', 'Strategi', 'CIS Controls', 'Ansvarig roll', 'Planerat datum', 'Kostnad', 'Effekt', 'Status', 'Kvarvarande risk', 'Implementation']
2025-12-03 08:21:55,046 - __main__ - INFO - Åtgärd 2 är duplikat, skippar
2025-12-03 08:21:55,046 - __main__ - INFO - Bearbetar åtgärd 3: ['Åtgärds-ID', 'Risk-ID', 'Beskrivning', 'Strategi', 'CIS Controls', 'Ansvarig roll', 'Planerat datum', 'Kostnad', 'Effekt', 'Status', 'Kvarvarande risk', 'Implementation']
2025-12-03 08:21:55,047 - __main__ - INFO - Åtgärd 2 tillagd: Komplettera MFA-införande till 100%. Genomför obligatorisk phishing-utbildning k...
2025-12-03 08:21:55,047 - __main__ - INFO - Bearbetar åtgärd 4: ['Åtgärds-ID', 'Risk-ID', 'Beskrivning', 'Strategi', 'CIS Controls', 'Ansvarig roll', 'Planerat datum', 'Kostnad', 'Effekt', 'Status', 'Kvarvarande risk', 'Implementation']
2025-12-03 08:21:55,047 - __main__ - INFO - Åtgärd 4 är duplikat, skippar
2025-12-03 08:21:55,048 - __main__ - INFO - Bearbetar åtgärd 5: ['Åtgärds-ID', 'Risk-ID', 'Beskrivning', 'Strategi', 'CIS Controls', 'Ansvarig roll', 'Planerat datum', 'Kostnad', 'Effekt', 'Status', 'Kvarvarande risk', 'Implementation']
2025-12-03 08:21:55,048 - __main__ - INFO - Åtgärd 5 är duplikat, skippar
2025-12-03 08:21:55,048 - __main__ - INFO - Bearbetar åtgärd 6: ['Åtgärds-ID', 'Risk-ID', 'Beskrivning', 'Strategi', 'CIS Controls', 'Ansvarig roll', 'Planerat datum', 'Kostnad', 'Effekt', 'Status', 'Kvarvarande risk', 'Implementation']
2025-12-03 08:21:55,049 - __main__ - INFO - Åtgärd 6 är duplikat, skippar
2025-12-03 08:21:55,049 - __main__ - INFO - Bearbetar åtgärd 7: ['Åtgärds-ID', 'Risk-ID', 'Beskrivning', 'Strategi', 'CIS Controls', 'Ansvarig roll', 'Planerat datum', 'Kostnad', 'Effekt', 'Status', 'Kvarvarande risk', 'Implementation']
2025-12-03 08:21:55,049 - __main__ - INFO - Åtgärd 3 tillagd: Åtgärda identifierad risk: Bristande efterlevnad av GDPR Art. 35...
2025-12-03 08:21:55,049 - __main__ - INFO - Bearbetar åtgärd 8: ['Åtgärds-ID', 'Risk-ID', 'Beskrivning', 'Strategi', 'CIS Controls', 'Ansvarig roll', 'Planerat datum', 'Kostnad', 'Effekt', 'Status', 'Kvarvarande risk', 'Implementation']
2025-12-03 08:21:55,050 - __main__ - INFO - Åtgärd 4 tillagd: Inför PAM (Privileged Access Management) för all leverantörsåtkomst med MFA och ...
2025-12-03 08:21:55,050 - __main__ - INFO - Bearbetar åtgärd 9: ['Åtgärds-ID', 'Risk-ID', 'Beskrivning', 'Strategi', 'CIS Controls', 'Ansvarig roll', 'Planerat datum', 'Kostnad', 'Effekt', 'Status', 'Kvarvarande risk', 'Implementation']
2025-12-03 08:21:55,050 - __main__ - INFO - Åtgärd 5 tillagd: Implementera API-säkerhetslösning med rate limiting, token rotation och logging...
2025-12-03 08:21:55,051 - __main__ - INFO - Priority actions: ['Implementera Zero Trust-segmentering mellan IT och OT. Inför EDR på alla endpoints.', 'Komplettera MFA-införande till 100%. Genomför obligatorisk phishing-utbildning kvartalsvis.', 'Åtgärda identifierad risk: Bristande efterlevnad av GDPR Art. 35', 'Inför PAM (Privileged Access Management) för all leverantörsåtkomst med MFA och tidsbegränsning', 'Implementera API-säkerhetslösning med rate limiting, token rotation och logging']
2025-12-03 08:21:55,051 - __main__ - INFO - Riskfördelning visar alla som 'Okänd', räknar om från risker...
2025-12-03 08:21:55,051 - __main__ - INFO - Ny riskfördelning: {'Mycket hög': 4, 'Hög': 7, 'Medel': 20, 'Låg': 1}
2025-12-03 08:21:55,052 - __main__ - INFO - Risk distribution: {'Mycket hög': 4, 'Hög': 7, 'Medel': 20, 'Låg': 1}
2025-12-03 08:21:55,053 - __main__ - INFO - === PDF data sammanfattning ===
2025-12-03 08:21:55,054 - __main__ - INFO - Compliance: 22.22222222222222%
2025-12-03 08:21:55,054 - __main__ - INFO - Mycket höga risker: 4
2025-12-03 08:21:55,055 - __main__ - INFO - Top risks antal: 5
2025-12-03 08:21:55,055 - __main__ - INFO - Priority actions antal: 5
2025-12-03 08:24:02,737 - modules.regulatorisk_modul - INFO - Regulatorisk modul initierad
2025-12-03 08:24:02,738 - modules.risk_workshop_modul - INFO - Risk Workshop-modul initierad
2025-12-03 08:24:02,738 - modules.api_sakerhet_modul - INFO - API-säkerhetsmodul initierad
2025-12-03 08:24:02,739 - modules.rapport_generator - INFO - RapportGenerator initierad - Output: C:\Users\ÄGARE\Documents\Chas\neab_security_assessment\data\output\20251203_082401
2025-12-03 08:24:02,740 - __main__ - INFO - Tillgängliga metoder i RegulatoriskAnalys: cer_krav, config, dora_krav, gdpr_krav, kartlägg_krav, nationella_krav, nis2_krav, organisation
2025-12-03 08:24:02,740 - modules.regulatorisk_modul - INFO - Startar regulatorisk kartläggning...
2025-12-03 08:24:02,740 - modules.regulatorisk_modul - INFO - Kartläggning klar: 9 krav analyserade
2025-12-03 08:24:02,741 - modules.risk_workshop_modul - INFO - Startar riskworkshop...
2025-12-03 08:24:02,742 - modules.risk_workshop_modul - INFO - Workshop klar: 32 risker identifierade
2025-12-03 08:24:02,744 - modules.risk_workshop_modul - INFO - Genererar åtgärdsplan...
2025-12-03 08:24:02,745 - modules.risk_workshop_modul - INFO - Åtgärdsplan klar: 15 åtgärder
2025-12-03 08:24:02,746 - modules.api_sakerhet_modul - INFO - Startar API-säkerhetsanalys...
2025-12-03 08:24:02,746 - modules.api_sakerhet_modul - INFO - API-analys klar: 4 scenarios analyserade
2025-12-03 08:24:03,484 - __main__ - INFO - Antal risker för heat map: 32
2025-12-03 08:24:03,484 - __main__ - INFO - Skapar heat map: C:\Users\ÄGARE\Documents\Chas\neab_security_assessment\data\output\20251203_082401\NEAB_Risk_Heatmap_20251203_082401.png
2025-12-03 08:24:04,842 - __main__ - INFO - Försöker generera_komplett_paket...
2025-12-03 08:24:04,842 - modules.rapport_generator - INFO - Genererar komplett rapportpaket...
2025-12-03 08:24:04,851 - __main__ - WARNING - generera_komplett_paket misslyckades: unsupported operand type(s) for /: 'str' and 'str'
2025-12-03 08:24:04,851 - __main__ - INFO - Letar efter Excel-fil i output-mappen...
2025-12-03 08:24:04,853 - __main__ - INFO - Skapar Excel med backup-generator...
2025-12-03 08:24:05,028 - utils.excel_backup_generator - INFO - Excel backup skapad: C:\Users\ÄGARE\Documents\Chas\neab_security_assessment\data\output\20251203_082401\NEAB_Sakerhetsanalys_20251203_082401.xlsx
2025-12-03 08:24:05,029 - __main__ - INFO - Backup Excel skapad: C:\Users\ÄGARE\Documents\Chas\neab_security_assessment\data\output\20251203_082401\NEAB_Sakerhetsanalys_20251203_082401.xlsx
2025-12-03 08:24:05,030 - __main__ - INFO - === DEBUG: Förbereder PDF-data ===
2025-12-03 08:24:05,031 - __main__ - INFO - Resultat nycklar: ['regulatorisk', 'risk', 'mitigering', 'api', 'heatmap_path']
2025-12-03 08:24:05,031 - __main__ - INFO - Regulatorisk nycklar: ['krav', 'statistik', 'sammanfattning', 'prioriterade_åtgärder', 'efterlevnad_procent']
2025-12-03 08:24:05,032 - __main__ - INFO - Risk nycklar: ['risker', 'riskmatris', 'sammanfattning', 'top_risker', 'tillgangar', 'riskfordelning']
2025-12-03 08:24:05,032 - __main__ - INFO - Mitigering nycklar: ['åtgärder', 'sammanfattning', 'budget_estimat', 'tidslinje']
2025-12-03 08:24:05,032 - __main__ - INFO - Antal krav: 9
2025-12-03 08:24:05,033 - __main__ - INFO - Exempel krav struktur: ['Regelverk', 'Artikel', 'Krav', 'Tillämpning', 'Status', 'Gap-analys', 'Föreslagen åtgärd', 'CIS Controls']
2025-12-03 08:24:05,033 - __main__ - INFO - Antal risker: 32
2025-12-03 08:24:05,034 - __main__ - INFO - Exempel risk struktur: ['Risk-ID', 'Tillgång / område', 'Hot', 'STRIDE', 'Sårbarhet', 'Konsekvens', 'CIA-påverkan', 'Konsekvensnivå', 'Sannolikhet', 'Riskvärde', 'Risknivå', 'Befintliga kontroller', 'Regelverk', 'Kommentar']
2025-12-03 08:24:05,034 - __main__ - INFO - Första risken: {'Risk-ID': 'R002', 'Tillgång / område': 'Identitets- och behörighetsplattform', 'Hot': 'Ransomware via kontors-IT', 'STRIDE': 'Denial of Service (Överbelastning)', 'Sårbarhet': 'Bristande zonindelning IT/OT, delade autentiseringstjänster', 'Konsekvens': 'Driftstopp, målvärde: RTO 2 h', 'CIA-påverkan': 'A', 'Konsekvensnivå': 5, 'Sannolikhet': 3, 'Riskvärde': 15, 'Risknivå': 'Mycket hög', 'Befintliga kontroller': 'Åtkomstkontroll (delvis MFA); Loggning till SIEM; Backup med RTO 2 h', 'Regelverk': 'NIS2 Art. 21', 'Kommentar': 'Krypterad data och system via phishing, risk för sidoförflyttning mot OT'}
2025-12-03 08:24:05,035 - __main__ - INFO - Top risk: Ransomware via kontors-IT (Identitets- och behörighetsplattform) - Mycket hög
2025-12-03 08:24:05,035 - __main__ - INFO - Top risk: Ransomware via kontors-IT (SCADA/DCS) - Mycket hög
2025-12-03 08:24:05,036 - __main__ - INFO - Top risk: Phishing / MFA-trötthet (Identitets- och behörighetsplattform) - Mycket hög
2025-12-03 08:24:05,036 - __main__ - INFO - Top risk: Phishing / MFA-trötthet (Driftcentral) - Mycket hög
2025-12-03 08:24:05,036 - __main__ - INFO - Top risk: Ransomware via kontors-IT (Kund- och faktureringssystem) - Hög
2025-12-03 08:24:05,037 - __main__ - INFO - Top risks slutresultat: ['Ransomware via kontors-IT (Identitets- och behörighetsplattform) - Mycket hög', 'Ransomware via kontors-IT (SCADA/DCS) - Mycket hög', 'Phishing / MFA-trötthet (Identitets- och behörighetsplattform) - Mycket hög', 'Phishing / MFA-trötthet (Driftcentral) - Mycket hög', 'Ransomware via kontors-IT (Kund- och faktureringssystem) - Hög']
2025-12-03 08:24:05,037 - __main__ - INFO - Regulatory gaps: 7
2025-12-03 08:24:05,038 - __main__ - INFO - Antal åtgärder: 15
2025-12-03 08:24:05,038 - __main__ - INFO - Exempel åtgärd: {'Åtgärds-ID': 'Å001', 'Risk-ID': 'R002', 'Beskrivning': 'Implementera Zero Trust-segmentering mellan IT och OT. Inför EDR på alla endpoints.', 'Strategi': 'Reducera', 'CIS Controls': 'CIS 4.1, CIS 4.2, CIS 10.1, CIS 13.2', 'Ansvarig roll': 'IT-chef / OT-säkerhetsansvarig', 'Planerat datum': '2026-06-01', 'Kostnad': 'H', 'Effekt': 'H', 'Status': 'Planerad', 'Kvarvarande risk': 'Medel', 'Implementation': 'Kartlägg alla dataflöden IT-OT; Upphandla EDR-lösning; Implementera mikrosegmentering; Testa återställning från backup'}
2025-12-03 08:24:05,039 - __main__ - INFO - Bearbetar åtgärd 1: ['Åtgärds-ID', 'Risk-ID', 'Beskrivning', 'Strategi', 'CIS Controls', 'Ansvarig roll', 'Planerat datum', 'Kostnad', 'Effekt', 'Status', 'Kvarvarande risk', 'Implementation']
2025-12-03 08:24:05,039 - __main__ - INFO - Åtgärd 1 tillagd: Implementera Zero Trust-segmentering mellan IT och OT. Inför EDR på alla endpoin...
2025-12-03 08:24:05,040 - __main__ - INFO - Bearbetar åtgärd 2: ['Åtgärds-ID', 'Risk-ID', 'Beskrivning', 'Strategi', 'CIS Controls', 'Ansvarig roll', 'Planerat datum', 'Kostnad', 'Effekt', 'Status', 'Kvarvarande risk', 'Implementation']
2025-12-03 08:24:05,040 - __main__ - INFO - Åtgärd 2 är duplikat, skippar
2025-12-03 08:24:05,041 - __main__ - INFO - Bearbetar åtgärd 3: ['Åtgärds-ID', 'Risk-ID', 'Beskrivning', 'Strategi', 'CIS Controls', 'Ansvarig roll', 'Planerat datum', 'Kostnad', 'Effekt', 'Status', 'Kvarvarande risk', 'Implementation']
2025-12-03 08:24:05,041 - __main__ - INFO - Åtgärd 2 tillagd: Komplettera MFA-införande till 100%. Genomför obligatorisk phishing-utbildning k...
2025-12-03 08:24:05,042 - __main__ - INFO - Bearbetar åtgärd 4: ['Åtgärds-ID', 'Risk-ID', 'Beskrivning', 'Strategi', 'CIS Controls', 'Ansvarig roll', 'Planerat datum', 'Kostnad', 'Effekt', 'Status', 'Kvarvarande risk', 'Implementation']
2025-12-03 08:24:05,042 - __main__ - INFO - Åtgärd 4 är duplikat, skippar
2025-12-03 08:24:05,042 - __main__ - INFO - Bearbetar åtgärd 5: ['Åtgärds-ID', 'Risk-ID', 'Beskrivning', 'Strategi', 'CIS Controls', 'Ansvarig roll', 'Planerat datum', 'Kostnad', 'Effekt', 'Status', 'Kvarvarande risk', 'Implementation']
2025-12-03 08:24:05,043 - __main__ - INFO - Åtgärd 5 är duplikat, skippar
2025-12-03 08:24:05,043 - __main__ - INFO - Bearbetar åtgärd 6: ['Åtgärds-ID', 'Risk-ID', 'Beskrivning', 'Strategi', 'CIS Controls', 'Ansvarig roll', 'Planerat datum', 'Kostnad', 'Effekt', 'Status', 'Kvarvarande risk', 'Implementation']
2025-12-03 08:24:05,043 - __main__ - INFO - Åtgärd 6 är duplikat, skippar
2025-12-03 08:24:05,044 - __main__ - INFO - Bearbetar åtgärd 7: ['Åtgärds-ID', 'Risk-ID', 'Beskrivning', 'Strategi', 'CIS Controls', 'Ansvarig roll', 'Planerat datum', 'Kostnad', 'Effekt', 'Status', 'Kvarvarande risk', 'Implementation']
2025-12-03 08:24:05,044 - __main__ - INFO - Åtgärd 3 tillagd: Åtgärda identifierad risk: Bristande efterlevnad av GDPR Art. 35...
2025-12-03 08:24:05,045 - __main__ - INFO - Bearbetar åtgärd 8: ['Åtgärds-ID', 'Risk-ID', 'Beskrivning', 'Strategi', 'CIS Controls', 'Ansvarig roll', 'Planerat datum', 'Kostnad', 'Effekt', 'Status', 'Kvarvarande risk', 'Implementation']
2025-12-03 08:24:05,045 - __main__ - INFO - Åtgärd 4 tillagd: Inför PAM (Privileged Access Management) för all leverantörsåtkomst med MFA och ...
2025-12-03 08:24:05,045 - __main__ - INFO - Bearbetar åtgärd 9: ['Åtgärds-ID', 'Risk-ID', 'Beskrivning', 'Strategi', 'CIS Controls', 'Ansvarig roll', 'Planerat datum', 'Kostnad', 'Effekt', 'Status', 'Kvarvarande risk', 'Implementation']
2025-12-03 08:24:05,046 - __main__ - INFO - Åtgärd 5 tillagd: Implementera API-säkerhetslösning med rate limiting, token rotation och logging...
2025-12-03 08:24:05,046 - __main__ - INFO - Priority actions: ['Implementera Zero Trust-segmentering mellan IT och OT. Inför EDR på alla endpoints.', 'Komplettera MFA-införande till 100%. Genomför obligatorisk phishing-utbildning kvartalsvis.', 'Åtgärda identifierad risk: Bristande efterlevnad av GDPR Art. 35', 'Inför PAM (Privileged Access Management) för all leverantörsåtkomst med MFA och tidsbegränsning', 'Implementera API-säkerhetslösning med rate limiting, token rotation och logging']
2025-12-03 08:24:05,046 - __main__ - INFO - Riskfördelning visar alla som 'Okänd', räknar om från risker...
2025-12-03 08:24:05,047 - __main__ - INFO - Ny riskfördelning: {'Mycket hög': 4, 'Hög': 7, 'Medel': 20, 'Låg': 1}
2025-12-03 08:24:05,047 - __main__ - INFO - Risk distribution: {'Mycket hög': 4, 'Hög': 7, 'Medel': 20, 'Låg': 1}
2025-12-03 08:24:05,047 - __main__ - INFO - === PDF data sammanfattning ===
2025-12-03 08:24:05,047 - __main__ - INFO - Compliance: 22.22222222222222%
2025-12-03 08:24:05,048 - __main__ - INFO - Mycket höga risker: 4
2025-12-03 08:24:05,048 - __main__ - INFO - Top risks antal: 5
2025-12-03 08:24:05,048 - __main__ - INFO - Priority actions antal: 5
2025-12-03 08:30:48,308 - modules.regulatorisk_modul - INFO - Regulatorisk modul initierad
2025-12-03 08:30:48,308 - modules.risk_workshop_modul - INFO - Risk Workshop-modul initierad
2025-12-03 08:30:48,309 - modules.api_sakerhet_modul - INFO - API-säkerhetsmodul initierad
2025-12-03 08:30:48,309 - modules.rapport_generator - INFO - RapportGenerator initierad - Output: C:\Users\ÄGARE\Documents\Chas\neab_security_assessment\data\output\20251203_083047
2025-12-03 08:30:48,312 - __main__ - INFO - Tillgängliga metoder i RegulatoriskAnalys: cer_krav, config, dora_krav, gdpr_krav, kartlägg_krav, nationella_krav, nis2_krav, organisation
2025-12-03 08:30:48,313 - modules.regulatorisk_modul - INFO - Startar regulatorisk kartläggning...
2025-12-03 08:30:48,314 - modules.regulatorisk_modul - INFO - Kartläggning klar: 9 krav analyserade
2025-12-03 08:30:48,316 - modules.risk_workshop_modul - INFO - Startar riskworkshop...
2025-12-03 08:30:48,317 - modules.risk_workshop_modul - INFO - Workshop klar: 32 risker identifierade
2025-12-03 08:30:48,319 - modules.risk_workshop_modul - INFO - Genererar åtgärdsplan...
2025-12-03 08:30:48,319 - modules.risk_workshop_modul - INFO - Åtgärdsplan klar: 15 åtgärder
2025-12-03 08:30:48,320 - modules.api_sakerhet_modul - INFO - Startar API-säkerhetsanalys...
2025-12-03 08:30:48,321 - modules.api_sakerhet_modul - INFO - API-analys klar: 4 scenarios analyserade
2025-12-03 08:30:48,946 - __main__ - INFO - Antal risker för heat map: 32
2025-12-03 08:30:48,946 - __main__ - INFO - Skapar heat map: C:\Users\ÄGARE\Documents\Chas\neab_security_assessment\data\output\20251203_083047\NEAB_Risk_Heatmap_20251203_083047.png
2025-12-03 08:30:49,986 - __main__ - INFO - Försöker generera_komplett_paket...
2025-12-03 08:30:49,987 - modules.rapport_generator - INFO - Genererar komplett rapportpaket...
2025-12-03 08:30:49,997 - __main__ - WARNING - generera_komplett_paket misslyckades: unsupported operand type(s) for /: 'str' and 'str'
2025-12-03 08:30:49,998 - __main__ - INFO - Letar efter Excel-fil i output-mappen...
2025-12-03 08:30:49,999 - __main__ - INFO - Skapar Excel med backup-generator...
2025-12-03 08:30:50,124 - utils.excel_backup_generator - INFO - Excel backup skapad: C:\Users\ÄGARE\Documents\Chas\neab_security_assessment\data\output\20251203_083047\NEAB_Sakerhetsanalys_20251203_083047.xlsx
2025-12-03 08:30:50,125 - __main__ - INFO - Backup Excel skapad: C:\Users\ÄGARE\Documents\Chas\neab_security_assessment\data\output\20251203_083047\NEAB_Sakerhetsanalys_20251203_083047.xlsx
2025-12-03 08:30:50,126 - __main__ - INFO - === DEBUG: Förbereder PDF-data ===
2025-12-03 08:30:50,127 - __main__ - INFO - Resultat nycklar: ['regulatorisk', 'risk', 'mitigering', 'api', 'heatmap_path']
2025-12-03 08:30:50,127 - __main__ - INFO - Regulatorisk nycklar: ['krav', 'statistik', 'sammanfattning', 'prioriterade_åtgärder', 'efterlevnad_procent']
2025-12-03 08:30:50,128 - __main__ - INFO - Risk nycklar: ['risker', 'riskmatris', 'sammanfattning', 'top_risker', 'tillgangar', 'riskfordelning']
2025-12-03 08:30:50,128 - __main__ - INFO - Mitigering nycklar: ['åtgärder', 'sammanfattning', 'budget_estimat', 'tidslinje']
2025-12-03 08:30:50,128 - __main__ - INFO - Antal krav: 9
2025-12-03 08:30:50,129 - __main__ - INFO - Exempel krav struktur: ['Regelverk', 'Artikel', 'Krav', 'Tillämpning', 'Status', 'Gap-analys', 'Föreslagen åtgärd', 'CIS Controls']
2025-12-03 08:30:50,129 - __main__ - INFO - Antal risker: 32
2025-12-03 08:30:50,129 - __main__ - INFO - Exempel risk struktur: ['Risk-ID', 'Tillgång / område', 'Hot', 'STRIDE', 'Sårbarhet', 'Konsekvens', 'CIA-påverkan', 'Konsekvensnivå', 'Sannolikhet', 'Riskvärde', 'Risknivå', 'Befintliga kontroller', 'Regelverk', 'Kommentar']
2025-12-03 08:30:50,129 - __main__ - INFO - Första risken: {'Risk-ID': 'R002', 'Tillgång / område': 'Identitets- och behörighetsplattform', 'Hot': 'Ransomware via kontors-IT', 'STRIDE': 'Denial of Service (Överbelastning)', 'Sårbarhet': 'Bristande zonindelning IT/OT, delade autentiseringstjänster', 'Konsekvens': 'Driftstopp, målvärde: RTO 2 h', 'CIA-påverkan': 'A', 'Konsekvensnivå': 5, 'Sannolikhet': 3, 'Riskvärde': 15, 'Risknivå': 'Mycket hög', 'Befintliga kontroller': 'Åtkomstkontroll (delvis MFA); Loggning till SIEM; Backup med RTO 2 h', 'Regelverk': 'NIS2 Art. 21', 'Kommentar': 'Krypterad data och system via phishing, risk för sidoförflyttning mot OT'}
2025-12-03 08:30:50,129 - __main__ - INFO - Top risk: Ransomware via kontors-IT (Identitets- och behörighetsplattform) - Mycket hög
2025-12-03 08:30:50,130 - __main__ - INFO - Top risk: Ransomware via kontors-IT (SCADA/DCS) - Mycket hög
2025-12-03 08:30:50,130 - __main__ - INFO - Top risk: Phishing / MFA-trötthet (Identitets- och behörighetsplattform) - Mycket hög
2025-12-03 08:30:50,130 - __main__ - INFO - Top risk: Phishing / MFA-trötthet (Driftcentral) - Mycket hög
2025-12-03 08:30:50,131 - __main__ - INFO - Top risk: Ransomware via kontors-IT (Kund- och faktureringssystem) - Hög
2025-12-03 08:30:50,131 - __main__ - INFO - Top risks slutresultat: ['Ransomware via kontors-IT (Identitets- och behörighetsplattform) - Mycket hög', 'Ransomware via kontors-IT (SCADA/DCS) - Mycket hög', 'Phishing / MFA-trötthet (Identitets- och behörighetsplattform) - Mycket hög', 'Phishing / MFA-trötthet (Driftcentral) - Mycket hög', 'Ransomware via kontors-IT (Kund- och faktureringssystem) - Hög']
2025-12-03 08:30:50,131 - __main__ - INFO - Regulatory gaps: 7
2025-12-03 08:30:50,132 - __main__ - INFO - Antal åtgärder: 15
2025-12-03 08:30:50,132 - __main__ - INFO - Exempel åtgärd: {'Åtgärds-ID': 'Å001', 'Risk-ID': 'R002', 'Beskrivning': 'Implementera Zero Trust-segmentering mellan IT och OT. Inför EDR på alla endpoints.', 'Strategi': 'Reducera', 'CIS Controls': 'CIS 4.1, CIS 4.2, CIS 10.1, CIS 13.2', 'Ansvarig roll': 'IT-chef / OT-säkerhetsansvarig', 'Planerat datum': '2026-06-01', 'Kostnad': 'H', 'Effekt': 'H', 'Status': 'Planerad', 'Kvarvarande risk': 'Medel', 'Implementation': 'Kartlägg alla dataflöden IT-OT; Upphandla EDR-lösning; Implementera mikrosegmentering; Testa återställning från backup'}
2025-12-03 08:30:50,133 - __main__ - INFO - Bearbetar åtgärd 1: ['Åtgärds-ID', 'Risk-ID', 'Beskrivning', 'Strategi', 'CIS Controls', 'Ansvarig roll', 'Planerat datum', 'Kostnad', 'Effekt', 'Status', 'Kvarvarande risk', 'Implementation']
2025-12-03 08:30:50,133 - __main__ - INFO - Åtgärd 1 tillagd: Implementera Zero Trust-segmentering mellan IT och OT. Inför EDR på alla endpoin...
2025-12-03 08:30:50,134 - __main__ - INFO - Bearbetar åtgärd 2: ['Åtgärds-ID', 'Risk-ID', 'Beskrivning', 'Strategi', 'CIS Controls', 'Ansvarig roll', 'Planerat datum', 'Kostnad', 'Effekt', 'Status', 'Kvarvarande risk', 'Implementation']
2025-12-03 08:30:50,134 - __main__ - INFO - Åtgärd 2 är duplikat, skippar
2025-12-03 08:30:50,135 - __main__ - INFO - Bearbetar åtgärd 3: ['Åtgärds-ID', 'Risk-ID', 'Beskrivning', 'Strategi', 'CIS Controls', 'Ansvarig roll', 'Planerat datum', 'Kostnad', 'Effekt', 'Status', 'Kvarvarande risk', 'Implementation']
2025-12-03 08:30:50,135 - __main__ - INFO - Åtgärd 2 tillagd: Komplettera MFA-införande till 100%. Genomför obligatorisk phishing-utbildning k...
2025-12-03 08:30:50,136 - __main__ - INFO - Bearbetar åtgärd 4: ['Åtgärds-ID', 'Risk-ID', 'Beskrivning', 'Strategi', 'CIS Controls', 'Ansvarig roll', 'Planerat datum', 'Kostnad', 'Effekt', 'Status', 'Kvarvarande risk', 'Implementation']
2025-12-03 08:30:50,136 - __main__ - INFO - Åtgärd 4 är duplikat, skippar
2025-12-03 08:30:50,136 - __main__ - INFO - Bearbetar åtgärd 5: ['Åtgärds-ID', 'Risk-ID', 'Beskrivning', 'Strategi', 'CIS Controls', 'Ansvarig roll', 'Planerat datum', 'Kostnad', 'Effekt', 'Status', 'Kvarvarande risk', 'Implementation']
2025-12-03 08:30:50,136 - __main__ - INFO - Åtgärd 5 är duplikat, skippar
2025-12-03 08:30:50,137 - __main__ - INFO - Bearbetar åtgärd 6: ['Åtgärds-ID', 'Risk-ID', 'Beskrivning', 'Strategi', 'CIS Controls', 'Ansvarig roll', 'Planerat datum', 'Kostnad', 'Effekt', 'Status', 'Kvarvarande risk', 'Implementation']
2025-12-03 08:30:50,137 - __main__ - INFO - Åtgärd 6 är duplikat, skippar
2025-12-03 08:30:50,137 - __main__ - INFO - Bearbetar åtgärd 7: ['Åtgärds-ID', 'Risk-ID', 'Beskrivning', 'Strategi', 'CIS Controls', 'Ansvarig roll', 'Planerat datum', 'Kostnad', 'Effekt', 'Status', 'Kvarvarande risk', 'Implementation']
2025-12-03 08:30:50,138 - __main__ - INFO - Åtgärd 3 tillagd: Åtgärda identifierad risk: Bristande efterlevnad av GDPR Art. 35...
2025-12-03 08:30:50,138 - __main__ - INFO - Bearbetar åtgärd 8: ['Åtgärds-ID', 'Risk-ID', 'Beskrivning', 'Strategi', 'CIS Controls', 'Ansvarig roll', 'Planerat datum', 'Kostnad', 'Effekt', 'Status', 'Kvarvarande risk', 'Implementation']
2025-12-03 08:30:50,138 - __main__ - INFO - Åtgärd 4 tillagd: Inför PAM (Privileged Access Management) för all leverantörsåtkomst med MFA och ...
2025-12-03 08:30:50,139 - __main__ - INFO - Bearbetar åtgärd 9: ['Åtgärds-ID', 'Risk-ID', 'Beskrivning', 'Strategi', 'CIS Controls', 'Ansvarig roll', 'Planerat datum', 'Kostnad', 'Effekt', 'Status', 'Kvarvarande risk', 'Implementation']
2025-12-03 08:30:50,139 - __main__ - INFO - Åtgärd 5 tillagd: Implementera API-säkerhetslösning med rate limiting, token rotation och logging...
2025-12-03 08:30:50,139 - __main__ - INFO - Priority actions: ['Implementera Zero Trust-segmentering mellan IT och OT. Inför EDR på alla endpoints.', 'Komplettera MFA-införande till 100%. Genomför obligatorisk phishing-utbildning kvartalsvis.', 'Åtgärda identifierad risk: Bristande efterlevnad av GDPR Art. 35', 'Inför PAM (Privileged Access Management) för all leverantörsåtkomst med MFA och tidsbegränsning', 'Implementera API-säkerhetslösning med rate limiting, token rotation och logging']
2025-12-03 08:30:50,140 - __main__ - INFO - Riskfördelning visar alla som 'Okänd', räknar om från risker...
2025-12-03 08:30:50,140 - __main__ - INFO - Ny riskfördelning: {'Mycket hög': 4, 'Hög': 7, 'Medel': 20, 'Låg': 1}
2025-12-03 08:30:50,140 - __main__ - INFO - Risk distribution: {'Mycket hög': 4, 'Hög': 7, 'Medel': 20, 'Låg': 1}
2025-12-03 08:30:50,140 - __main__ - INFO - === PDF data sammanfattning ===
2025-12-03 08:30:50,141 - __main__ - INFO - Compliance: 22.22222222222222%
2025-12-03 08:30:50,141 - __main__ - INFO - Mycket höga risker: 4
2025-12-03 08:30:50,141 - __main__ - INFO - Top risks antal: 5
2025-12-03 08:30:50,142 - __main__ - INFO - Priority actions antal: 5
2025-12-03 08:44:25,294 - modules.regulatorisk_modul - INFO - Regulatorisk modul initierad
2025-12-03 08:44:25,295 - modules.risk_workshop_modul - INFO - Risk Workshop-modul initierad
2025-12-03 08:44:25,295 - modules.api_sakerhet_modul - INFO - API-säkerhetsmodul initierad
2025-12-03 08:44:25,295 - modules.rapport_generator - INFO - RapportGenerator initierad - Output: C:\Users\ÄGARE\Documents\Chas\neab_security_assessment\data\output\20251203_084424
2025-12-03 08:44:25,297 - __main__ - INFO - Tillgängliga metoder i RegulatoriskAnalys: cer_krav, config, dora_krav, gdpr_krav, kartlägg_krav, nationella_krav, nis2_krav, organisation
2025-12-03 08:44:25,297 - modules.regulatorisk_modul - INFO - Startar regulatorisk kartläggning...
2025-12-03 08:44:25,298 - modules.regulatorisk_modul - INFO - Kartläggning klar: 9 krav analyserade
2025-12-03 08:44:25,299 - modules.risk_workshop_modul - INFO - Startar riskworkshop...
2025-12-03 08:44:25,300 - modules.risk_workshop_modul - INFO - Workshop klar: 32 risker identifierade
2025-12-03 08:44:25,301 - modules.risk_workshop_modul - INFO - Genererar åtgärdsplan...
2025-12-03 08:44:25,303 - modules.risk_workshop_modul - INFO - Åtgärdsplan klar: 15 åtgärder
2025-12-03 08:44:25,303 - modules.api_sakerhet_modul - INFO - Startar API-säkerhetsanalys...
2025-12-03 08:44:25,304 - modules.api_sakerhet_modul - INFO - API-analys klar: 4 scenarios analyserade
2025-12-03 08:44:25,880 - __main__ - INFO - Antal risker för heat map: 32
2025-12-03 08:44:25,881 - __main__ - INFO - Skapar heat map: C:\Users\ÄGARE\Documents\Chas\neab_security_assessment\data\output\20251203_084424\NEAB_Risk_Heatmap_20251203_084424.png
2025-12-03 08:44:26,960 - __main__ - INFO - Försöker generera_komplett_paket...
2025-12-03 08:44:26,960 - modules.rapport_generator - INFO - Genererar komplett rapportpaket...
2025-12-03 08:44:26,969 - __main__ - WARNING - generera_komplett_paket misslyckades: unsupported operand type(s) for /: 'str' and 'str'
2025-12-03 08:44:26,969 - __main__ - INFO - Letar efter Excel-fil i output-mappen...
2025-12-03 08:44:26,970 - __main__ - INFO - Skapar Excel med backup-generator...
2025-12-03 08:44:27,124 - utils.excel_backup_generator - INFO - Excel backup skapad: C:\Users\ÄGARE\Documents\Chas\neab_security_assessment\data\output\20251203_084424\NEAB_Sakerhetsanalys_20251203_084424.xlsx
2025-12-03 08:44:27,125 - __main__ - INFO - Backup Excel skapad: C:\Users\ÄGARE\Documents\Chas\neab_security_assessment\data\output\20251203_084424\NEAB_Sakerhetsanalys_20251203_084424.xlsx
2025-12-03 08:44:27,127 - __main__ - INFO - === DEBUG: Förbereder PDF-data ===
2025-12-03 08:44:27,127 - __main__ - INFO - Resultat nycklar: ['regulatorisk', 'risk', 'mitigering', 'api', 'heatmap_path']
2025-12-03 08:44:27,128 - __main__ - INFO - Regulatorisk nycklar: ['krav', 'statistik', 'sammanfattning', 'prioriterade_åtgärder', 'efterlevnad_procent']
2025-12-03 08:44:27,128 - __main__ - INFO - Risk nycklar: ['risker', 'riskmatris', 'sammanfattning', 'top_risker', 'tillgangar', 'riskfordelning']
2025-12-03 08:44:27,129 - __main__ - INFO - Mitigering nycklar: ['åtgärder', 'sammanfattning', 'budget_estimat', 'tidslinje']
2025-12-03 08:44:27,129 - __main__ - INFO - Antal krav: 9
2025-12-03 08:44:27,129 - __main__ - INFO - Exempel krav struktur: ['Regelverk', 'Artikel', 'Krav', 'Tillämpning', 'Status', 'Gap-analys', 'Föreslagen åtgärd', 'CIS Controls']
2025-12-03 08:44:27,130 - __main__ - INFO - Antal risker: 32
2025-12-03 08:44:27,130 - __main__ - INFO - Exempel risk struktur: ['Risk-ID', 'Tillgång / område', 'Hot', 'STRIDE', 'Sårbarhet', 'Konsekvens', 'CIA-påverkan', 'Konsekvensnivå', 'Sannolikhet', 'Riskvärde', 'Risknivå', 'Befintliga kontroller', 'Regelverk', 'Kommentar']
2025-12-03 08:44:27,131 - __main__ - INFO - Första risken: {'Risk-ID': 'R002', 'Tillgång / område': 'Identitets- och behörighetsplattform', 'Hot': 'Ransomware via kontors-IT', 'STRIDE': 'Denial of Service (Överbelastning)', 'Sårbarhet': 'Bristande zonindelning IT/OT, delade autentiseringstjänster', 'Konsekvens': 'Driftstopp, målvärde: RTO 2 h', 'CIA-påverkan': 'A', 'Konsekvensnivå': 5, 'Sannolikhet': 3, 'Riskvärde': 15, 'Risknivå': 'Mycket hög', 'Befintliga kontroller': 'Åtkomstkontroll (delvis MFA); Loggning till SIEM; Backup med RTO 2 h', 'Regelverk': 'NIS2 Art. 21', 'Kommentar': 'Krypterad data och system via phishing, risk för sidoförflyttning mot OT'}
2025-12-03 08:44:27,132 - __main__ - INFO - Top risk: Ransomware via kontors-IT (Identitets- och behörighetsplattform) - Mycket hög
2025-12-03 08:44:27,132 - __main__ - INFO - Top risk: Ransomware via kontors-IT (SCADA/DCS) - Mycket hög
2025-12-03 08:44:27,133 - __main__ - INFO - Top risk: Phishing / MFA-trötthet (Identitets- och behörighetsplattform) - Mycket hög
2025-12-03 08:44:27,133 - __main__ - INFO - Top risk: Phishing / MFA-trötthet (Driftcentral) - Mycket hög
2025-12-03 08:44:27,134 - __main__ - INFO - Top risk: Ransomware via kontors-IT (Kund- och faktureringssystem) - Hög
2025-12-03 08:44:27,134 - __main__ - INFO - Top risks slutresultat: ['Ransomware via kontors-IT (Identitets- och behörighetsplattform) - Mycket hög', 'Ransomware via kontors-IT (SCADA/DCS) - Mycket hög', 'Phishing / MFA-trötthet (Identitets- och behörighetsplattform) - Mycket hög', 'Phishing / MFA-trötthet (Driftcentral) - Mycket hög', 'Ransomware via kontors-IT (Kund- och faktureringssystem) - Hög']
2025-12-03 08:44:27,134 - __main__ - INFO - Regulatory gaps: 7
2025-12-03 08:44:27,135 - __main__ - INFO - Antal åtgärder: 15
2025-12-03 08:44:27,135 - __main__ - INFO - Exempel åtgärd: {'Åtgärds-ID': 'Å001', 'Risk-ID': 'R002', 'Beskrivning': 'Implementera Zero Trust-segmentering mellan IT och OT. Inför EDR på alla endpoints.', 'Strategi': 'Reducera', 'CIS Controls': 'CIS 4.1, CIS 4.2, CIS 10.1, CIS 13.2', 'Ansvarig roll': 'IT-chef / OT-säkerhetsansvarig', 'Planerat datum': '2026-06-01', 'Kostnad': 'H', 'Effekt': 'H', 'Status': 'Planerad', 'Kvarvarande risk': 'Medel', 'Implementation': 'Kartlägg alla dataflöden IT-OT; Upphandla EDR-lösning; Implementera mikrosegmentering; Testa återställning från backup'}
2025-12-03 08:44:27,136 - __main__ - INFO - Bearbetar åtgärd 1: ['Åtgärds-ID', 'Risk-ID', 'Beskrivning', 'Strategi', 'CIS Controls', 'Ansvarig roll', 'Planerat datum', 'Kostnad', 'Effekt', 'Status', 'Kvarvarande risk', 'Implementation']
2025-12-03 08:44:27,136 - __main__ - INFO - Åtgärd 1 tillagd: Implementera Zero Trust-segmentering mellan IT och OT. Inför EDR på alla endpoin...
2025-12-03 08:44:27,136 - __main__ - INFO - Bearbetar åtgärd 2: ['Åtgärds-ID', 'Risk-ID', 'Beskrivning', 'Strategi', 'CIS Controls', 'Ansvarig roll', 'Planerat datum', 'Kostnad', 'Effekt', 'Status', 'Kvarvarande risk', 'Implementation']
2025-12-03 08:44:27,137 - __main__ - INFO - Åtgärd 2 är duplikat, skippar
2025-12-03 08:44:27,137 - __main__ - INFO - Bearbetar åtgärd 3: ['Åtgärds-ID', 'Risk-ID', 'Beskrivning', 'Strategi', 'CIS Controls', 'Ansvarig roll', 'Planerat datum', 'Kostnad', 'Effekt', 'Status', 'Kvarvarande risk', 'Implementation']
2025-12-03 08:44:27,137 - __main__ - INFO - Åtgärd 2 tillagd: Komplettera MFA-införande till 100%. Genomför obligatorisk phishing-utbildning k...
2025-12-03 08:44:27,138 - __main__ - INFO - Bearbetar åtgärd 4: ['Åtgärds-ID', 'Risk-ID', 'Beskrivning', 'Strategi', 'CIS Controls', 'Ansvarig roll', 'Planerat datum', 'Kostnad', 'Effekt', 'Status', 'Kvarvarande risk', 'Implementation']
2025-12-03 08:44:27,138 - __main__ - INFO - Åtgärd 4 är duplikat, skippar
2025-12-03 08:44:27,138 - __main__ - INFO - Bearbetar åtgärd 5: ['Åtgärds-ID', 'Risk-ID', 'Beskrivning', 'Strategi', 'CIS Controls', 'Ansvarig roll', 'Planerat datum', 'Kostnad', 'Effekt', 'Status', 'Kvarvarande risk', 'Implementation']
2025-12-03 08:44:27,138 - __main__ - INFO - Åtgärd 5 är duplikat, skippar
2025-12-03 08:44:27,139 - __main__ - INFO - Bearbetar åtgärd 6: ['Åtgärds-ID', 'Risk-ID', 'Beskrivning', 'Strategi', 'CIS Controls', 'Ansvarig roll', 'Planerat datum', 'Kostnad', 'Effekt', 'Status', 'Kvarvarande risk', 'Implementation']
2025-12-03 08:44:27,139 - __main__ - INFO - Åtgärd 6 är duplikat, skippar
2025-12-03 08:44:27,140 - __main__ - INFO - Bearbetar åtgärd 7: ['Åtgärds-ID', 'Risk-ID', 'Beskrivning', 'Strategi', 'CIS Controls', 'Ansvarig roll', 'Planerat datum', 'Kostnad', 'Effekt', 'Status', 'Kvarvarande risk', 'Implementation']
2025-12-03 08:44:27,140 - __main__ - INFO - Åtgärd 3 tillagd: Åtgärda identifierad risk: Bristande efterlevnad av GDPR Art. 35...
2025-12-03 08:44:27,140 - __main__ - INFO - Bearbetar åtgärd 8: ['Åtgärds-ID', 'Risk-ID', 'Beskrivning', 'Strategi', 'CIS Controls', 'Ansvarig roll', 'Planerat datum', 'Kostnad', 'Effekt', 'Status', 'Kvarvarande risk', 'Implementation']
2025-12-03 08:44:27,141 - __main__ - INFO - Åtgärd 4 tillagd: Inför PAM (Privileged Access Management) för all leverantörsåtkomst med MFA och ...
2025-12-03 08:44:27,141 - __main__ - INFO - Bearbetar åtgärd 9: ['Åtgärds-ID', 'Risk-ID', 'Beskrivning', 'Strategi', 'CIS Controls', 'Ansvarig roll', 'Planerat datum', 'Kostnad', 'Effekt', 'Status', 'Kvarvarande risk', 'Implementation']
2025-12-03 08:44:27,142 - __main__ - INFO - Åtgärd 5 tillagd: Implementera API-säkerhetslösning med rate limiting, token rotation och logging...
2025-12-03 08:44:27,142 - __main__ - INFO - Priority actions: ['Implementera Zero Trust-segmentering mellan IT och OT. Inför EDR på alla endpoints.', 'Komplettera MFA-införande till 100%. Genomför obligatorisk phishing-utbildning kvartalsvis.', 'Åtgärda identifierad risk: Bristande efterlevnad av GDPR Art. 35', 'Inför PAM (Privileged Access Management) för all leverantörsåtkomst med MFA och tidsbegränsning', 'Implementera API-säkerhetslösning med rate limiting, token rotation och logging']
2025-12-03 08:44:27,142 - __main__ - INFO - Riskfördelning visar alla som 'Okänd', räknar om från risker...
2025-12-03 08:44:27,143 - __main__ - INFO - Ny riskfördelning: {'Mycket hög': 4, 'Hög': 7, 'Medel': 20, 'Låg': 1}
2025-12-03 08:44:27,143 - __main__ - INFO - Risk distribution: {'Mycket hög': 4, 'Hög': 7, 'Medel': 20, 'Låg': 1}
2025-12-03 08:44:27,143 - __main__ - INFO - === PDF data sammanfattning ===
2025-12-03 08:44:27,144 - __main__ - INFO - Compliance: 22.22222222222222%
2025-12-03 08:44:27,144 - __main__ - INFO - Mycket höga risker: 4
2025-12-03 08:44:27,144 - __main__ - INFO - Top risks antal: 5
2025-12-03 08:44:27,144 - __main__ - INFO - Priority actions antal: 5
2025-12-03 08:53:53,541 - modules.regulatorisk_modul - INFO - Regulatorisk modul initierad
2025-12-03 08:53:53,542 - modules.risk_workshop_modul - INFO - Risk Workshop-modul initierad
2025-12-03 08:53:53,543 - modules.api_sakerhet_modul - INFO - API-säkerhetsmodul initierad
2025-12-03 08:53:53,543 - modules.rapport_generator - INFO - RapportGenerator initierad - Output: C:\Users\ÄGARE\Documents\Chas\neab_security_assessment\data\output\20251203_085352
2025-12-03 08:53:53,545 - __main__ - INFO - Tillgängliga metoder i RegulatoriskAnalys: cer_krav, config, dora_krav, gdpr_krav, kartlägg_krav, nationella_krav, nis2_krav, organisation
2025-12-03 08:53:53,545 - modules.regulatorisk_modul - INFO - Startar regulatorisk kartläggning...
2025-12-03 08:53:53,546 - modules.regulatorisk_modul - INFO - Kartläggning klar: 9 krav analyserade
2025-12-03 08:53:53,548 - modules.risk_workshop_modul - INFO - Startar riskworkshop...
2025-12-03 08:53:53,549 - modules.risk_workshop_modul - INFO - Workshop klar: 32 risker identifierade
2025-12-03 08:53:53,550 - modules.risk_workshop_modul - INFO - Genererar åtgärdsplan...
2025-12-03 08:53:53,551 - modules.risk_workshop_modul - INFO - Åtgärdsplan klar: 15 åtgärder
2025-12-03 08:53:53,551 - modules.api_sakerhet_modul - INFO - Startar API-säkerhetsanalys...
2025-12-03 08:53:53,552 - modules.api_sakerhet_modul - INFO - API-analys klar: 4 scenarios analyserade
2025-12-03 08:53:54,107 - __main__ - INFO - Antal risker för heat map: 32
2025-12-03 08:53:54,108 - __main__ - INFO - Skapar heat map: C:\Users\ÄGARE\Documents\Chas\neab_security_assessment\data\output\20251203_085352\NEAB_Risk_Heatmap_20251203_085352.png
2025-12-03 08:53:55,172 - __main__ - INFO - Försöker generera_komplett_paket...
2025-12-03 08:53:55,173 - modules.rapport_generator - INFO - Genererar komplett rapportpaket...
2025-12-03 08:53:55,182 - __main__ - WARNING - generera_komplett_paket misslyckades: unsupported operand type(s) for /: 'str' and 'str'
2025-12-03 08:53:55,182 - __main__ - INFO - Letar efter Excel-fil i output-mappen...
2025-12-03 08:53:55,183 - __main__ - INFO - Skapar Excel med backup-generator...
2025-12-03 08:53:55,346 - utils.excel_backup_generator - INFO - Excel backup skapad: C:\Users\ÄGARE\Documents\Chas\neab_security_assessment\data\output\20251203_085352\NEAB_Sakerhetsanalys_20251203_085352.xlsx
2025-12-03 08:53:55,347 - __main__ - INFO - Backup Excel skapad: C:\Users\ÄGARE\Documents\Chas\neab_security_assessment\data\output\20251203_085352\NEAB_Sakerhetsanalys_20251203_085352.xlsx
2025-12-03 08:53:55,349 - __main__ - INFO - === DEBUG: Förbereder PDF-data ===
2025-12-03 08:53:55,350 - __main__ - INFO - Resultat nycklar: ['regulatorisk', 'risk', 'mitigering', 'api', 'heatmap_path']
2025-12-03 08:53:55,350 - __main__ - INFO - Regulatorisk nycklar: ['krav', 'statistik', 'sammanfattning', 'prioriterade_åtgärder', 'efterlevnad_procent']
2025-12-03 08:53:55,350 - __main__ - INFO - Risk nycklar: ['risker', 'riskmatris', 'sammanfattning', 'top_risker', 'tillgangar', 'riskfordelning']
2025-12-03 08:53:55,351 - __main__ - INFO - Mitigering nycklar: ['åtgärder', 'sammanfattning', 'budget_estimat', 'tidslinje']
2025-12-03 08:53:55,351 - __main__ - INFO - Antal krav: 9
2025-12-03 08:53:55,351 - __main__ - INFO - Exempel krav struktur: ['Regelverk', 'Artikel', 'Krav', 'Tillämpning', 'Status', 'Gap-analys', 'Föreslagen åtgärd', 'CIS Controls']
2025-12-03 08:53:55,352 - __main__ - INFO - Antal risker: 32
2025-12-03 08:53:55,352 - __main__ - INFO - Exempel risk struktur: ['Risk-ID', 'Tillgång / område', 'Hot', 'STRIDE', 'Sårbarhet', 'Konsekvens', 'CIA-påverkan', 'Konsekvensnivå', 'Sannolikhet', 'Riskvärde', 'Risknivå', 'Befintliga kontroller', 'Regelverk', 'Kommentar']
2025-12-03 08:53:55,352 - __main__ - INFO - Första risken: {'Risk-ID': 'R002', 'Tillgång / område': 'Identitets- och behörighetsplattform', 'Hot': 'Ransomware via kontors-IT', 'STRIDE': 'Denial of Service (Överbelastning)', 'Sårbarhet': 'Bristande zonindelning IT/OT, delade autentiseringstjänster', 'Konsekvens': 'Driftstopp, målvärde: RTO 2 h', 'CIA-påverkan': 'A', 'Konsekvensnivå': 5, 'Sannolikhet': 3, 'Riskvärde': 15, 'Risknivå': 'Mycket hög', 'Befintliga kontroller': 'Åtkomstkontroll (delvis MFA); Loggning till SIEM; Backup med RTO 2 h', 'Regelverk': 'NIS2 Art. 21', 'Kommentar': 'Krypterad data och system via phishing, risk för sidoförflyttning mot OT'}
2025-12-03 08:53:55,352 - __main__ - INFO - Top risk: Ransomware via kontors-IT (Identitets- och behörighetsplattform) - Mycket hög
2025-12-03 08:53:55,353 - __main__ - INFO - Top risk: Ransomware via kontors-IT (SCADA/DCS) - Mycket hög
2025-12-03 08:53:55,353 - __main__ - INFO - Top risk: Phishing / MFA-trötthet (Identitets- och behörighetsplattform) - Mycket hög
2025-12-03 08:53:55,353 - __main__ - INFO - Top risk: Phishing / MFA-trötthet (Driftcentral) - Mycket hög
2025-12-03 08:53:55,353 - __main__ - INFO - Top risk: Ransomware via kontors-IT (Kund- och faktureringssystem) - Hög
2025-12-03 08:53:55,353 - __main__ - INFO - Top risks slutresultat: ['Ransomware via kontors-IT (Identitets- och behörighetsplattform) - Mycket hög', 'Ransomware via kontors-IT (SCADA/DCS) - Mycket hög', 'Phishing / MFA-trötthet (Identitets- och behörighetsplattform) - Mycket hög', 'Phishing / MFA-trötthet (Driftcentral) - Mycket hög', 'Ransomware via kontors-IT (Kund- och faktureringssystem) - Hög']
2025-12-03 08:53:55,354 - __main__ - INFO - Regulatory gaps: 7
2025-12-03 08:53:55,354 - __main__ - INFO - Antal åtgärder: 15
2025-12-03 08:53:55,354 - __main__ - INFO - Exempel åtgärd: {'Åtgärds-ID': 'Å001', 'Risk-ID': 'R002', 'Beskrivning': 'Implementera Zero Trust-segmentering mellan IT och OT. Inför EDR på alla endpoints.', 'Strategi': 'Reducera', 'CIS Controls': 'CIS 4.1, CIS 4.2, CIS 10.1, CIS 13.2', 'Ansvarig roll': 'IT-chef / OT-säkerhetsansvarig', 'Planerat datum': '2026-06-01', 'Kostnad': 'H', 'Effekt': 'H', 'Status': 'Planerad', 'Kvarvarande risk': 'Medel', 'Implementation': 'Kartlägg alla dataflöden IT-OT; Upphandla EDR-lösning; Implementera mikrosegmentering; Testa återställning från backup'}
2025-12-03 08:53:55,354 - __main__ - INFO - Bearbetar åtgärd 1: ['Åtgärds-ID', 'Risk-ID', 'Beskrivning', 'Strategi', 'CIS Controls', 'Ansvarig roll', 'Planerat datum', 'Kostnad', 'Effekt', 'Status', 'Kvarvarande risk', 'Implementation']
2025-12-03 08:53:55,354 - __main__ - INFO - Åtgärd 1 tillagd: Implementera Zero Trust-segmentering mellan IT och OT. Inför EDR på alla endpoin...
2025-12-03 08:53:55,355 - __main__ - INFO - Bearbetar åtgärd 2: ['Åtgärds-ID', 'Risk-ID', 'Beskrivning', 'Strategi', 'CIS Controls', 'Ansvarig roll', 'Planerat datum', 'Kostnad', 'Effekt', 'Status', 'Kvarvarande risk', 'Implementation']
2025-12-03 08:53:55,355 - __main__ - INFO - Åtgärd 2 är duplikat, skippar
2025-12-03 08:53:55,355 - __main__ - INFO - Bearbetar åtgärd 3: ['Åtgärds-ID', 'Risk-ID', 'Beskrivning', 'Strategi', 'CIS Controls', 'Ansvarig roll', 'Planerat datum', 'Kostnad', 'Effekt', 'Status', 'Kvarvarande risk', 'Implementation']
2025-12-03 08:53:55,355 - __main__ - INFO - Åtgärd 2 tillagd: Komplettera MFA-införande till 100%. Genomför obligatorisk phishing-utbildning k...
2025-12-03 08:53:55,356 - __main__ - INFO - Bearbetar åtgärd 4: ['Åtgärds-ID', 'Risk-ID', 'Beskrivning', 'Strategi', 'CIS Controls', 'Ansvarig roll', 'Planerat datum', 'Kostnad', 'Effekt', 'Status', 'Kvarvarande risk', 'Implementation']
2025-12-03 08:53:55,356 - __main__ - INFO - Åtgärd 4 är duplikat, skippar
2025-12-03 08:53:55,356 - __main__ - INFO - Bearbetar åtgärd 5: ['Åtgärds-ID', 'Risk-ID', 'Beskrivning', 'Strategi', 'CIS Controls', 'Ansvarig roll', 'Planerat datum', 'Kostnad', 'Effekt', 'Status', 'Kvarvarande risk', 'Implementation']
2025-12-03 08:53:55,356 - __main__ - INFO - Åtgärd 5 är duplikat, skippar
2025-12-03 08:53:55,356 - __main__ - INFO - Bearbetar åtgärd 6: ['Åtgärds-ID', 'Risk-ID', 'Beskrivning', 'Strategi', 'CIS Controls', 'Ansvarig roll', 'Planerat datum', 'Kostnad', 'Effekt', 'Status', 'Kvarvarande risk', 'Implementation']
2025-12-03 08:53:55,356 - __main__ - INFO - Åtgärd 6 är duplikat, skippar
2025-12-03 08:53:55,357 - __main__ - INFO - Bearbetar åtgärd 7: ['Åtgärds-ID', 'Risk-ID', 'Beskrivning', 'Strategi', 'CIS Controls', 'Ansvarig roll', 'Planerat datum', 'Kostnad', 'Effekt', 'Status', 'Kvarvarande risk', 'Implementation']
2025-12-03 08:53:55,357 - __main__ - INFO - Åtgärd 3 tillagd: Åtgärda identifierad risk: Bristande efterlevnad av GDPR Art. 35...
2025-12-03 08:53:55,357 - __main__ - INFO - Bearbetar åtgärd 8: ['Åtgärds-ID', 'Risk-ID', 'Beskrivning', 'Strategi', 'CIS Controls', 'Ansvarig roll', 'Planerat datum', 'Kostnad', 'Effekt', 'Status', 'Kvarvarande risk', 'Implementation']
2025-12-03 08:53:55,357 - __main__ - INFO - Åtgärd 4 tillagd: Inför PAM (Privileged Access Management) för all leverantörsåtkomst med MFA och ...
2025-12-03 08:53:55,357 - __main__ - INFO - Bearbetar åtgärd 9: ['Åtgärds-ID', 'Risk-ID', 'Beskrivning', 'Strategi', 'CIS Controls', 'Ansvarig roll', 'Planerat datum', 'Kostnad', 'Effekt', 'Status', 'Kvarvarande risk', 'Implementation']
2025-12-03 08:53:55,358 - __main__ - INFO - Åtgärd 5 tillagd: Implementera API-säkerhetslösning med rate limiting, token rotation och logging...
2025-12-03 08:53:55,358 - __main__ - INFO - Priority actions: ['Implementera Zero Trust-segmentering mellan IT och OT. Inför EDR på alla endpoints.', 'Komplettera MFA-införande till 100%. Genomför obligatorisk phishing-utbildning kvartalsvis.', 'Åtgärda identifierad risk: Bristande efterlevnad av GDPR Art. 35', 'Inför PAM (Privileged Access Management) för all leverantörsåtkomst med MFA och tidsbegränsning', 'Implementera API-säkerhetslösning med rate limiting, token rotation och logging']
2025-12-03 08:53:55,358 - __main__ - INFO - Riskfördelning visar alla som 'Okänd', räknar om från risker...
2025-12-03 08:53:55,359 - __main__ - INFO - Ny riskfördelning: {'Mycket hög': 4, 'Hög': 7, 'Medel': 20, 'Låg': 1}
2025-12-03 08:53:55,360 - __main__ - INFO - Risk distribution: {'Mycket hög': 4, 'Hög': 7, 'Medel': 20, 'Låg': 1}
2025-12-03 08:53:55,360 - __main__ - INFO - === PDF data sammanfattning ===
2025-12-03 08:53:55,360 - __main__ - INFO - Compliance: 22.22222222222222%
2025-12-03 08:53:55,361 - __main__ - INFO - Mycket höga risker: 4
2025-12-03 08:53:55,361 - __main__ - INFO - Top risks antal: 5
2025-12-03 08:53:55,362 - __main__ - INFO - Priority actions antal: 5
2025-12-03 08:58:04,435 - modules.regulatorisk_modul - INFO - Regulatorisk modul initierad
2025-12-03 08:58:04,436 - modules.risk_workshop_modul - INFO - Risk Workshop-modul initierad
2025-12-03 08:58:04,436 - modules.api_sakerhet_modul - INFO - API-säkerhetsmodul initierad
2025-12-03 08:58:04,436 - modules.rapport_generator - INFO - RapportGenerator initierad - Output: C:\Users\ÄGARE\Documents\Chas\neab_security_assessment\data\output\20251203_085803
2025-12-03 08:58:04,438 - __main__ - INFO - Tillgängliga metoder i RegulatoriskAnalys: cer_krav, config, dora_krav, gdpr_krav, kartlägg_krav, nationella_krav, nis2_krav, organisation
2025-12-03 08:58:04,439 - modules.regulatorisk_modul - INFO - Startar regulatorisk kartläggning...
2025-12-03 08:58:04,439 - modules.regulatorisk_modul - INFO - Kartläggning klar: 9 krav analyserade
2025-12-03 08:58:04,441 - modules.risk_workshop_modul - INFO - Startar riskworkshop...
2025-12-03 08:58:04,443 - modules.risk_workshop_modul - INFO - Workshop klar: 32 risker identifierade
2025-12-03 08:58:04,445 - modules.risk_workshop_modul - INFO - Genererar åtgärdsplan...
2025-12-03 08:58:04,447 - modules.risk_workshop_modul - INFO - Åtgärdsplan klar: 15 åtgärder
2025-12-03 08:58:04,449 - modules.api_sakerhet_modul - INFO - Startar API-säkerhetsanalys...
2025-12-03 08:58:04,450 - modules.api_sakerhet_modul - INFO - API-analys klar: 4 scenarios analyserade
2025-12-03 08:58:05,122 - __main__ - INFO - Antal risker för heat map: 32
2025-12-03 08:58:05,123 - __main__ - INFO - Skapar heat map: C:\Users\ÄGARE\Documents\Chas\neab_security_assessment\data\output\20251203_085803\NEAB_Risk_Heatmap_20251203_085803.png
2025-12-03 08:58:06,393 - __main__ - INFO - Försöker generera_komplett_paket...
2025-12-03 08:58:06,394 - modules.rapport_generator - INFO - Genererar komplett rapportpaket...
2025-12-03 08:58:06,405 - __main__ - WARNING - generera_komplett_paket misslyckades: unsupported operand type(s) for /: 'str' and 'str'
2025-12-03 08:58:06,406 - __main__ - INFO - Letar efter Excel-fil i output-mappen...
2025-12-03 08:58:06,407 - __main__ - INFO - Skapar Excel med backup-generator...
2025-12-03 08:58:06,608 - utils.excel_backup_generator - INFO - Excel backup skapad: C:\Users\ÄGARE\Documents\Chas\neab_security_assessment\data\output\20251203_085803\NEAB_Sakerhetsanalys_20251203_085803.xlsx
2025-12-03 08:58:06,609 - __main__ - INFO - Backup Excel skapad: C:\Users\ÄGARE\Documents\Chas\neab_security_assessment\data\output\20251203_085803\NEAB_Sakerhetsanalys_20251203_085803.xlsx
2025-12-03 08:58:06,610 - __main__ - INFO - === DEBUG: Förbereder PDF-data ===
2025-12-03 08:58:06,610 - __main__ - INFO - Resultat nycklar: ['regulatorisk', 'risk', 'mitigering', 'api', 'heatmap_path']
2025-12-03 08:58:06,610 - __main__ - INFO - Regulatorisk nycklar: ['krav', 'statistik', 'sammanfattning', 'prioriterade_åtgärder', 'efterlevnad_procent']
2025-12-03 08:58:06,611 - __main__ - INFO - Risk nycklar: ['risker', 'riskmatris', 'sammanfattning', 'top_risker', 'tillgangar', 'riskfordelning']
2025-12-03 08:58:06,611 - __main__ - INFO - Mitigering nycklar: ['åtgärder', 'sammanfattning', 'budget_estimat', 'tidslinje']
2025-12-03 08:58:06,612 - __main__ - INFO - Antal krav: 9
2025-12-03 08:58:06,612 - __main__ - INFO - Exempel krav struktur: ['Regelverk', 'Artikel', 'Krav', 'Tillämpning', 'Status', 'Gap-analys', 'Föreslagen åtgärd', 'CIS Controls']
2025-12-03 08:58:06,612 - __main__ - INFO - Antal risker: 32
2025-12-03 08:58:06,613 - __main__ - INFO - Exempel risk struktur: ['Risk-ID', 'Tillgång / område', 'Hot', 'STRIDE', 'Sårbarhet', 'Konsekvens', 'CIA-påverkan', 'Konsekvensnivå', 'Sannolikhet', 'Riskvärde', 'Risknivå', 'Befintliga kontroller', 'Regelverk', 'Kommentar']
2025-12-03 08:58:06,613 - __main__ - INFO - Första risken: {'Risk-ID': 'R002', 'Tillgång / område': 'Identitets- och behörighetsplattform', 'Hot': 'Ransomware via kontors-IT', 'STRIDE': 'Denial of Service (Överbelastning)', 'Sårbarhet': 'Bristande zonindelning IT/OT, delade autentiseringstjänster', 'Konsekvens': 'Driftstopp, målvärde: RTO 2 h', 'CIA-påverkan': 'A', 'Konsekvensnivå': 5, 'Sannolikhet': 3, 'Riskvärde': 15, 'Risknivå': 'Mycket hög', 'Befintliga kontroller': 'Åtkomstkontroll (delvis MFA); Loggning till SIEM; Backup med RTO 2 h', 'Regelverk': 'NIS2 Art. 21', 'Kommentar': 'Krypterad data och system via phishing, risk för sidoförflyttning mot OT'}
2025-12-03 08:58:06,613 - __main__ - INFO - Top risk: Ransomware via kontors-IT (Identitets- och behörighetsplattform) - Mycket hög
2025-12-03 08:58:06,614 - __main__ - INFO - Top risk: Ransomware via kontors-IT (SCADA/DCS) - Mycket hög
2025-12-03 08:58:06,614 - __main__ - INFO - Top risk: Phishing / MFA-trötthet (Identitets- och behörighetsplattform) - Mycket hög
2025-12-03 08:58:06,614 - __main__ - INFO - Top risk: Phishing / MFA-trötthet (Driftcentral) - Mycket hög
2025-12-03 08:58:06,615 - __main__ - INFO - Top risk: Ransomware via kontors-IT (Kund- och faktureringssystem) - Hög
2025-12-03 08:58:06,615 - __main__ - INFO - Top risks slutresultat: ['Ransomware via kontors-IT (Identitets- och behörighetsplattform) - Mycket hög', 'Ransomware via kontors-IT (SCADA/DCS) - Mycket hög', 'Phishing / MFA-trötthet (Identitets- och behörighetsplattform) - Mycket hög', 'Phishing / MFA-trötthet (Driftcentral) - Mycket hög', 'Ransomware via kontors-IT (Kund- och faktureringssystem) - Hög']
2025-12-03 08:58:06,615 - __main__ - INFO - Regulatory gaps: 7
2025-12-03 08:58:06,615 - __main__ - INFO - Antal åtgärder: 15
2025-12-03 08:58:06,616 - __main__ - INFO - Exempel åtgärd: {'Åtgärds-ID': 'Å001', 'Risk-ID': 'R002', 'Beskrivning': 'Implementera Zero Trust-segmentering mellan IT och OT. Inför EDR på alla endpoints.', 'Strategi': 'Reducera', 'CIS Controls': 'CIS 4.1, CIS 4.2, CIS 10.1, CIS 13.2', 'Ansvarig roll': 'IT-chef / OT-säkerhetsansvarig', 'Planerat datum': '2026-06-01', 'Kostnad': 'H', 'Effekt': 'H', 'Status': 'Planerad', 'Kvarvarande risk': 'Medel', 'Implementation': 'Kartlägg alla dataflöden IT-OT; Upphandla EDR-lösning; Implementera mikrosegmentering; Testa återställning från backup'}
2025-12-03 08:58:06,616 - __main__ - INFO - Bearbetar åtgärd 1: ['Åtgärds-ID', 'Risk-ID', 'Beskrivning', 'Strategi', 'CIS Controls', 'Ansvarig roll', 'Planerat datum', 'Kostnad', 'Effekt', 'Status', 'Kvarvarande risk', 'Implementation']
2025-12-03 08:58:06,616 - __main__ - INFO - Åtgärd 1 tillagd: Implementera Zero Trust-segmentering mellan IT och OT. Inför EDR på alla endpoin...
2025-12-03 08:58:06,616 - __main__ - INFO - Bearbetar åtgärd 2: ['Åtgärds-ID', 'Risk-ID', 'Beskrivning', 'Strategi', 'CIS Controls', 'Ansvarig roll', 'Planerat datum', 'Kostnad', 'Effekt', 'Status', 'Kvarvarande risk', 'Implementation']
2025-12-03 08:58:06,617 - __main__ - INFO - Åtgärd 2 är duplikat, skippar
2025-12-03 08:58:06,617 - __main__ - INFO - Bearbetar åtgärd 3: ['Åtgärds-ID', 'Risk-ID', 'Beskrivning', 'Strategi', 'CIS Controls', 'Ansvarig roll', 'Planerat datum', 'Kostnad', 'Effekt', 'Status', 'Kvarvarande risk', 'Implementation']
2025-12-03 08:58:06,617 - __main__ - INFO - Åtgärd 2 tillagd: Komplettera MFA-införande till 100%. Genomför obligatorisk phishing-utbildning k...
2025-12-03 08:58:06,618 - __main__ - INFO - Bearbetar åtgärd 4: ['Åtgärds-ID', 'Risk-ID', 'Beskrivning', 'Strategi', 'CIS Controls', 'Ansvarig roll', 'Planerat datum', 'Kostnad', 'Effekt', 'Status', 'Kvarvarande risk', 'Implementation']
2025-12-03 08:58:06,618 - __main__ - INFO - Åtgärd 4 är duplikat, skippar
2025-12-03 08:58:06,618 - __main__ - INFO - Bearbetar åtgärd 5: ['Åtgärds-ID', 'Risk-ID', 'Beskrivning', 'Strategi', 'CIS Controls', 'Ansvarig roll', 'Planerat datum', 'Kostnad', 'Effekt', 'Status', 'Kvarvarande risk', 'Implementation']
2025-12-03 08:58:06,619 - __main__ - INFO - Åtgärd 5 är duplikat, skippar
2025-12-03 08:58:06,619 - __main__ - INFO - Bearbetar åtgärd 6: ['Åtgärds-ID', 'Risk-ID', 'Beskrivning', 'Strategi', 'CIS Controls', 'Ansvarig roll', 'Planerat datum', 'Kostnad', 'Effekt', 'Status', 'Kvarvarande risk', 'Implementation']
2025-12-03 08:58:06,619 - __main__ - INFO - Åtgärd 6 är duplikat, skippar
2025-12-03 08:58:06,620 - __main__ - INFO - Bearbetar åtgärd 7: ['Åtgärds-ID', 'Risk-ID', 'Beskrivning', 'Strategi', 'CIS Controls', 'Ansvarig roll', 'Planerat datum', 'Kostnad', 'Effekt', 'Status', 'Kvarvarande risk', 'Implementation']
2025-12-03 08:58:06,620 - __main__ - INFO - Åtgärd 3 tillagd: Åtgärda identifierad risk: Bristande efterlevnad av GDPR Art. 35...
2025-12-03 08:58:06,620 - __main__ - INFO - Bearbetar åtgärd 8: ['Åtgärds-ID', 'Risk-ID', 'Beskrivning', 'Strategi', 'CIS Controls', 'Ansvarig roll', 'Planerat datum', 'Kostnad', 'Effekt', 'Status', 'Kvarvarande risk', 'Implementation']
2025-12-03 08:58:06,621 - __main__ - INFO - Åtgärd 4 tillagd: Inför PAM (Privileged Access Management) för all leverantörsåtkomst med MFA och ...
2025-12-03 08:58:06,621 - __main__ - INFO - Bearbetar åtgärd 9: ['Åtgärds-ID', 'Risk-ID', 'Beskrivning', 'Strategi', 'CIS Controls', 'Ansvarig roll', 'Planerat datum', 'Kostnad', 'Effekt', 'Status', 'Kvarvarande risk', 'Implementation']
2025-12-03 08:58:06,621 - __main__ - INFO - Åtgärd 5 tillagd: Implementera API-säkerhetslösning med rate limiting, token rotation och logging...
2025-12-03 08:58:06,622 - __main__ - INFO - Priority actions: ['Implementera Zero Trust-segmentering mellan IT och OT. Inför EDR på alla endpoints.', 'Komplettera MFA-införande till 100%. Genomför obligatorisk phishing-utbildning kvartalsvis.', 'Åtgärda identifierad risk: Bristande efterlevnad av GDPR Art. 35', 'Inför PAM (Privileged Access Management) för all leverantörsåtkomst med MFA och tidsbegränsning', 'Implementera API-säkerhetslösning med rate limiting, token rotation och logging']
2025-12-03 08:58:06,622 - __main__ - INFO - Riskfördelning visar alla som 'Okänd', räknar om från risker...
2025-12-03 08:58:06,622 - __main__ - INFO - Ny riskfördelning: {'Mycket hög': 4, 'Hög': 7, 'Medel': 20, 'Låg': 1}
2025-12-03 08:58:06,622 - __main__ - INFO - Risk distribution: {'Mycket hög': 4, 'Hög': 7, 'Medel': 20, 'Låg': 1}
2025-12-03 08:58:06,623 - __main__ - INFO - === PDF data sammanfattning ===
2025-12-03 08:58:06,623 - __main__ - INFO - Compliance: 22.22222222222222%
2025-12-03 08:58:06,623 - __main__ - INFO - Mycket höga risker: 4
2025-12-03 08:58:06,623 - __main__ - INFO - Top risks antal: 5
2025-12-03 08:58:06,624 - __main__ - INFO - Priority actions antal: 5
2025-12-03 09:01:51,398 - modules.regulatorisk_modul - INFO - Regulatorisk modul initierad
2025-12-03 09:01:51,398 - modules.risk_workshop_modul - INFO - Risk Workshop-modul initierad
2025-12-03 09:01:51,399 - modules.api_sakerhet_modul - INFO - API-säkerhetsmodul initierad
2025-12-03 09:01:51,400 - modules.rapport_generator - INFO - RapportGenerator initierad - Output: C:\Users\ÄGARE\Documents\Chas\neab_security_assessment\data\output\20251203_090150
2025-12-03 09:01:51,403 - __main__ - INFO - Tillgängliga metoder i RegulatoriskAnalys: cer_krav, config, dora_krav, gdpr_krav, kartlägg_krav, nationella_krav, nis2_krav, organisation
2025-12-03 09:01:51,403 - modules.regulatorisk_modul - INFO - Startar regulatorisk kartläggning...
2025-12-03 09:01:51,404 - modules.regulatorisk_modul - INFO - Kartläggning klar: 9 krav analyserade
2025-12-03 09:01:51,406 - modules.risk_workshop_modul - INFO - Startar riskworkshop...
2025-12-03 09:01:51,407 - modules.risk_workshop_modul - INFO - Workshop klar: 32 risker identifierade
2025-12-03 09:01:51,409 - modules.risk_workshop_modul - INFO - Genererar åtgärdsplan...
2025-12-03 09:01:51,410 - modules.risk_workshop_modul - INFO - Åtgärdsplan klar: 15 åtgärder
2025-12-03 09:01:51,411 - modules.api_sakerhet_modul - INFO - Startar API-säkerhetsanalys...
2025-12-03 09:01:51,412 - modules.api_sakerhet_modul - INFO - API-analys klar: 4 scenarios analyserade
2025-12-03 09:01:52,075 - __main__ - INFO - Antal risker för heat map: 32
2025-12-03 09:01:52,075 - __main__ - INFO - Skapar heat map: C:\Users\ÄGARE\Documents\Chas\neab_security_assessment\data\output\20251203_090150\NEAB_Risk_Heatmap_20251203_090150.png
2025-12-03 09:01:53,434 - __main__ - INFO - Försöker generera_komplett_paket...
2025-12-03 09:01:53,434 - modules.rapport_generator - INFO - Genererar komplett rapportpaket...
2025-12-03 09:01:53,452 - __main__ - WARNING - generera_komplett_paket misslyckades: unsupported operand type(s) for /: 'str' and 'str'
2025-12-03 09:01:53,453 - __main__ - INFO - Letar efter Excel-fil i output-mappen...
2025-12-03 09:01:53,454 - __main__ - INFO - Skapar Excel med backup-generator...
2025-12-03 09:01:53,713 - utils.excel_backup_generator - INFO - Excel backup skapad: C:\Users\ÄGARE\Documents\Chas\neab_security_assessment\data\output\20251203_090150\NEAB_Sakerhetsanalys_20251203_090150.xlsx
2025-12-03 09:01:53,714 - __main__ - INFO - Backup Excel skapad: C:\Users\ÄGARE\Documents\Chas\neab_security_assessment\data\output\20251203_090150\NEAB_Sakerhetsanalys_20251203_090150.xlsx
2025-12-03 09:01:53,715 - __main__ - INFO - === DEBUG: Förbereder PDF-data ===
2025-12-03 09:01:53,715 - __main__ - INFO - Resultat nycklar: ['regulatorisk', 'risk', 'mitigering', 'api', 'heatmap_path']
2025-12-03 09:01:53,716 - __main__ - INFO - Regulatorisk nycklar: ['krav', 'statistik', 'sammanfattning', 'prioriterade_åtgärder', 'efterlevnad_procent']
2025-12-03 09:01:53,716 - __main__ - INFO - Risk nycklar: ['risker', 'riskmatris', 'sammanfattning', 'top_risker', 'tillgangar', 'riskfordelning']
2025-12-03 09:01:53,717 - __main__ - INFO - Mitigering nycklar: ['åtgärder', 'sammanfattning', 'budget_estimat', 'tidslinje']
2025-12-03 09:01:53,717 - __main__ - INFO - Antal krav: 9
2025-12-03 09:01:53,717 - __main__ - INFO - Exempel krav struktur: ['Regelverk', 'Artikel', 'Krav', 'Tillämpning', 'Status', 'Gap-analys', 'Föreslagen åtgärd', 'CIS Controls']
2025-12-03 09:01:53,718 - __main__ - INFO - Antal risker: 32
2025-12-03 09:01:53,718 - __main__ - INFO - Exempel risk struktur: ['Risk-ID', 'Tillgång / område', 'Hot', 'STRIDE', 'Sårbarhet', 'Konsekvens', 'CIA-påverkan', 'Konsekvensnivå', 'Sannolikhet', 'Riskvärde', 'Risknivå', 'Befintliga kontroller', 'Regelverk', 'Kommentar']
2025-12-03 09:01:53,719 - __main__ - INFO - Första risken: {'Risk-ID': 'R002', 'Tillgång / område': 'Identitets- och behörighetsplattform', 'Hot': 'Ransomware via kontors-IT', 'STRIDE': 'Denial of Service (Överbelastning)', 'Sårbarhet': 'Bristande zonindelning IT/OT, delade autentiseringstjänster', 'Konsekvens': 'Driftstopp, målvärde: RTO 2 h', 'CIA-påverkan': 'A', 'Konsekvensnivå': 5, 'Sannolikhet': 3, 'Riskvärde': 15, 'Risknivå': 'Mycket hög', 'Befintliga kontroller': 'Åtkomstkontroll (delvis MFA); Loggning till SIEM; Backup med RTO 2 h', 'Regelverk': 'NIS2 Art. 21', 'Kommentar': 'Krypterad data och system via phishing, risk för sidoförflyttning mot OT'}
2025-12-03 09:01:53,719 - __main__ - INFO - Top risk: Ransomware via kontors-IT (Identitets- och behörighetsplattform) - Mycket hög
2025-12-03 09:01:53,720 - __main__ - INFO - Top risk: Ransomware via kontors-IT (SCADA/DCS) - Mycket hög
2025-12-03 09:01:53,720 - __main__ - INFO - Top risk: Phishing / MFA-trötthet (Identitets- och behörighetsplattform) - Mycket hög
2025-12-03 09:01:53,720 - __main__ - INFO - Top risk: Phishing / MFA-trötthet (Driftcentral) - Mycket hög
2025-12-03 09:01:53,721 - __main__ - INFO - Top risk: Ransomware via kontors-IT (Kund- och faktureringssystem) - Hög
2025-12-03 09:01:53,721 - __main__ - INFO - Top risks slutresultat: ['Ransomware via kontors-IT (Identitets- och behörighetsplattform) - Mycket hög', 'Ransomware via kontors-IT (SCADA/DCS) - Mycket hög', 'Phishing / MFA-trötthet (Identitets- och behörighetsplattform) - Mycket hög', 'Phishing / MFA-trötthet (Driftcentral) - Mycket hög', 'Ransomware via kontors-IT (Kund- och faktureringssystem) - Hög']
2025-12-03 09:01:53,722 - __main__ - INFO - Regulatory gaps: 7
2025-12-03 09:01:53,722 - __main__ - INFO - Antal åtgärder: 15
2025-12-03 09:01:53,723 - __main__ - INFO - Exempel åtgärd: {'Åtgärds-ID': 'Å001', 'Risk-ID': 'R002', 'Beskrivning': 'Implementera Zero Trust-segmentering mellan IT och OT. Inför EDR på alla endpoints.', 'Strategi': 'Reducera', 'CIS Controls': 'CIS 4.1, CIS 4.2, CIS 10.1, CIS 13.2', 'Ansvarig roll': 'IT-chef / OT-säkerhetsansvarig', 'Planerat datum': '2026-06-01', 'Kostnad': 'H', 'Effekt': 'H', 'Status': 'Planerad', 'Kvarvarande risk': 'Medel', 'Implementation': 'Kartlägg alla dataflöden IT-OT; Upphandla EDR-lösning; Implementera mikrosegmentering; Testa återställning från backup'}
2025-12-03 09:01:53,723 - __main__ - INFO - Bearbetar åtgärd 1: ['Åtgärds-ID', 'Risk-ID', 'Beskrivning', 'Strategi', 'CIS Controls', 'Ansvarig roll', 'Planerat datum', 'Kostnad', 'Effekt', 'Status', 'Kvarvarande risk', 'Implementation']
2025-12-03 09:01:53,724 - __main__ - INFO - Åtgärd 1 tillagd: Implementera Zero Trust-segmentering mellan IT och OT. Inför EDR på alla endpoin...
2025-12-03 09:01:53,724 - __main__ - INFO - Bearbetar åtgärd 2: ['Åtgärds-ID', 'Risk-ID', 'Beskrivning', 'Strategi', 'CIS Controls', 'Ansvarig roll', 'Planerat datum', 'Kostnad', 'Effekt', 'Status', 'Kvarvarande risk', 'Implementation']
2025-12-03 09:01:53,725 - __main__ - INFO - Åtgärd 2 är duplikat, skippar
2025-12-03 09:01:53,725 - __main__ - INFO - Bearbetar åtgärd 3: ['Åtgärds-ID', 'Risk-ID', 'Beskrivning', 'Strategi', 'CIS Controls', 'Ansvarig roll', 'Planerat datum', 'Kostnad', 'Effekt', 'Status', 'Kvarvarande risk', 'Implementation']
2025-12-03 09:01:53,725 - __main__ - INFO - Åtgärd 2 tillagd: Komplettera MFA-införande till 100%. Genomför obligatorisk phishing-utbildning k...
2025-12-03 09:01:53,726 - __main__ - INFO - Bearbetar åtgärd 4: ['Åtgärds-ID', 'Risk-ID', 'Beskrivning', 'Strategi', 'CIS Controls', 'Ansvarig roll', 'Planerat datum', 'Kostnad', 'Effekt', 'Status', 'Kvarvarande risk', 'Implementation']
2025-12-03 09:01:53,726 - __main__ - INFO - Åtgärd 4 är duplikat, skippar
2025-12-03 09:01:53,726 - __main__ - INFO - Bearbetar åtgärd 5: ['Åtgärds-ID', 'Risk-ID', 'Beskrivning', 'Strategi', 'CIS Controls', 'Ansvarig roll', 'Planerat datum', 'Kostnad', 'Effekt', 'Status', 'Kvarvarande risk', 'Implementation']
2025-12-03 09:01:53,727 - __main__ - INFO - Åtgärd 5 är duplikat, skippar
2025-12-03 09:01:53,727 - __main__ - INFO - Bearbetar åtgärd 6: ['Åtgärds-ID', 'Risk-ID', 'Beskrivning', 'Strategi', 'CIS Controls', 'Ansvarig roll', 'Planerat datum', 'Kostnad', 'Effekt', 'Status', 'Kvarvarande risk', 'Implementation']
2025-12-03 09:01:53,728 - __main__ - INFO - Åtgärd 6 är duplikat, skippar
2025-12-03 09:01:53,728 - __main__ - INFO - Bearbetar åtgärd 7: ['Åtgärds-ID', 'Risk-ID', 'Beskrivning', 'Strategi', 'CIS Controls', 'Ansvarig roll', 'Planerat datum', 'Kostnad', 'Effekt', 'Status', 'Kvarvarande risk', 'Implementation']
2025-12-03 09:01:53,728 - __main__ - INFO - Åtgärd 3 tillagd: Åtgärda identifierad risk: Bristande efterlevnad av GDPR Art. 35...
2025-12-03 09:01:53,729 - __main__ - INFO - Bearbetar åtgärd 8: ['Åtgärds-ID', 'Risk-ID', 'Beskrivning', 'Strategi', 'CIS Controls', 'Ansvarig roll', 'Planerat datum', 'Kostnad', 'Effekt', 'Status', 'Kvarvarande risk', 'Implementation']
2025-12-03 09:01:53,729 - __main__ - INFO - Åtgärd 4 tillagd: Inför PAM (Privileged Access Management) för all leverantörsåtkomst med MFA och ...
2025-12-03 09:01:53,729 - __main__ - INFO - Bearbetar åtgärd 9: ['Åtgärds-ID', 'Risk-ID', 'Beskrivning', 'Strategi', 'CIS Controls', 'Ansvarig roll', 'Planerat datum', 'Kostnad', 'Effekt', 'Status', 'Kvarvarande risk', 'Implementation']
2025-12-03 09:01:53,730 - __main__ - INFO - Åtgärd 5 tillagd: Implementera API-säkerhetslösning med rate limiting, token rotation och logging...
2025-12-03 09:01:53,730 - __main__ - INFO - Priority actions: ['Implementera Zero Trust-segmentering mellan IT och OT. Inför EDR på alla endpoints.', 'Komplettera MFA-införande till 100%. Genomför obligatorisk phishing-utbildning kvartalsvis.', 'Åtgärda identifierad risk: Bristande efterlevnad av GDPR Art. 35', 'Inför PAM (Privileged Access Management) för all leverantörsåtkomst med MFA och tidsbegränsning', 'Implementera API-säkerhetslösning med rate limiting, token rotation och logging']
2025-12-03 09:01:53,730 - __main__ - INFO - Riskfördelning visar alla som 'Okänd', räknar om från risker...
2025-12-03 09:01:53,731 - __main__ - INFO - Ny riskfördelning: {'Mycket hög': 4, 'Hög': 7, 'Medel': 20, 'Låg': 1}
2025-12-03 09:01:53,731 - __main__ - INFO - Risk distribution: {'Mycket hög': 4, 'Hög': 7, 'Medel': 20, 'Låg': 1}
2025-12-03 09:01:53,731 - __main__ - INFO - === PDF data sammanfattning ===
2025-12-03 09:01:53,732 - __main__ - INFO - Compliance: 22.22222222222222%
2025-12-03 09:01:53,732 - __main__ - INFO - Mycket höga risker: 4
2025-12-03 09:01:53,732 - __main__ - INFO - Top risks antal: 5
2025-12-03 09:01:53,733 - __main__ - INFO - Priority actions antal: 5
2025-12-03 09:11:10,127 - modules.regulatorisk_modul - INFO - Regulatorisk modul initierad
2025-12-03 09:11:10,127 - modules.risk_workshop_modul - INFO - Risk Workshop-modul initierad
2025-12-03 09:11:10,128 - modules.api_sakerhet_modul - INFO - API-säkerhetsmodul initierad
2025-12-03 09:11:10,129 - modules.rapport_generator - INFO - RapportGenerator initierad - Output: C:\Users\ÄGARE\Documents\Chas\neab_security_assessment\data\output\20251203_091109
2025-12-03 09:11:10,132 - __main__ - INFO - Tillgängliga metoder i RegulatoriskAnalys: cer_krav, config, dora_krav, gdpr_krav, kartlägg_krav, nationella_krav, nis2_krav, organisation
2025-12-03 09:11:10,132 - modules.regulatorisk_modul - INFO - Startar regulatorisk kartläggning...
2025-12-03 09:11:10,133 - modules.regulatorisk_modul - INFO - Kartläggning klar: 9 krav analyserade
2025-12-03 09:11:10,135 - modules.risk_workshop_modul - INFO - Startar riskworkshop...
2025-12-03 09:11:10,136 - modules.risk_workshop_modul - INFO - Workshop klar: 32 risker identifierade
2025-12-03 09:11:10,137 - modules.risk_workshop_modul - INFO - Genererar åtgärdsplan...
2025-12-03 09:11:10,137 - modules.risk_workshop_modul - INFO - Åtgärdsplan klar: 15 åtgärder
2025-12-03 09:11:10,138 - modules.api_sakerhet_modul - INFO - Startar API-säkerhetsanalys...
2025-12-03 09:11:10,139 - modules.api_sakerhet_modul - INFO - API-analys klar: 4 scenarios analyserade
2025-12-03 09:11:10,874 - __main__ - INFO - Antal risker för heat map: 32
2025-12-03 09:11:10,874 - __main__ - INFO - Skapar heat map: C:\Users\ÄGARE\Documents\Chas\neab_security_assessment\data\output\20251203_091109\NEAB_Risk_Heatmap_20251203_091109.png
2025-12-03 09:11:11,263 - __main__ - ERROR - Heat map-fel
Traceback (most recent call last):
  File "C:\Users\ÄGARE\Documents\Chas\neab_security_assessment\huvudskript_v2.py", line 336, in kor_komplett_analys
    generate_risk_heatmap(risker, heatmap_path)
    ~~~~~~~~~~~~~~~~~~~~~^^^^^^^^^^^^^^^^^^^^^^
  File "C:\Users\ÄGARE\Documents\Chas\neab_security_assessment\utils\risk_heatmap.py", line 244, in generate_risk_heatmap
    return heatmap.generate_heatmap(risker, output_path)
           ~~~~~~~~~~~~~~~~~~~~~~~~^^^^^^^^^^^^^^^^^^^^^
  File "C:\Users\ÄGARE\Documents\Chas\neab_security_assessment\utils\risk_heatmap.py", line 110, in generate_heatmap
    logger.info(f"=== HEAT MAP DEBUG: Börjar plotta {len(risker)} risker ===")
    ^^^^^^
NameError: name 'logger' is not defined
2025-12-03 09:11:11,267 - __main__ - INFO - Försöker generera_komplett_paket...
2025-12-03 09:11:11,268 - modules.rapport_generator - INFO - Genererar komplett rapportpaket...
2025-12-03 09:11:11,276 - __main__ - WARNING - generera_komplett_paket misslyckades: unsupported operand type(s) for /: 'str' and 'str'
2025-12-03 09:11:11,277 - __main__ - INFO - Letar efter Excel-fil i output-mappen...
2025-12-03 09:11:11,278 - __main__ - INFO - Skapar Excel med backup-generator...
2025-12-03 09:11:11,464 - utils.excel_backup_generator - INFO - Excel backup skapad: C:\Users\ÄGARE\Documents\Chas\neab_security_assessment\data\output\20251203_091109\NEAB_Sakerhetsanalys_20251203_091109.xlsx
2025-12-03 09:11:11,465 - __main__ - INFO - Backup Excel skapad: C:\Users\ÄGARE\Documents\Chas\neab_security_assessment\data\output\20251203_091109\NEAB_Sakerhetsanalys_20251203_091109.xlsx
2025-12-03 09:11:11,466 - __main__ - INFO - === DEBUG: Förbereder PDF-data ===
2025-12-03 09:11:11,466 - __main__ - INFO - Resultat nycklar: ['regulatorisk', 'risk', 'mitigering', 'api']
2025-12-03 09:11:11,466 - __main__ - INFO - Regulatorisk nycklar: ['krav', 'statistik', 'sammanfattning', 'prioriterade_åtgärder', 'efterlevnad_procent']
2025-12-03 09:11:11,467 - __main__ - INFO - Risk nycklar: ['risker', 'riskmatris', 'sammanfattning', 'top_risker', 'tillgangar', 'riskfordelning']
2025-12-03 09:11:11,467 - __main__ - INFO - Mitigering nycklar: ['åtgärder', 'sammanfattning', 'budget_estimat', 'tidslinje']
2025-12-03 09:11:11,467 - __main__ - INFO - Antal krav: 9
2025-12-03 09:11:11,467 - __main__ - INFO - Exempel krav struktur: ['Regelverk', 'Artikel', 'Krav', 'Tillämpning', 'Status', 'Gap-analys', 'Föreslagen åtgärd', 'CIS Controls']
2025-12-03 09:11:11,468 - __main__ - INFO - Antal risker: 32
2025-12-03 09:11:11,468 - __main__ - INFO - Exempel risk struktur: ['Risk-ID', 'Tillgång / område', 'Hot', 'STRIDE', 'Sårbarhet', 'Konsekvens', 'CIA-påverkan', 'Konsekvensnivå', 'Sannolikhet', 'Riskvärde', 'Risknivå', 'Befintliga kontroller', 'Regelverk', 'Kommentar']
2025-12-03 09:11:11,468 - __main__ - INFO - Första risken: {'Risk-ID': 'R002', 'Tillgång / område': 'Identitets- och behörighetsplattform', 'Hot': 'Ransomware via kontors-IT', 'STRIDE': 'Denial of Service (Överbelastning)', 'Sårbarhet': 'Bristande zonindelning IT/OT, delade autentiseringstjänster', 'Konsekvens': 'Driftstopp, målvärde: RTO 2 h', 'CIA-påverkan': 'A', 'Konsekvensnivå': 5, 'Sannolikhet': 3, 'Riskvärde': 15, 'Risknivå': 'Mycket hög', 'Befintliga kontroller': 'Åtkomstkontroll (delvis MFA); Loggning till SIEM; Backup med RTO 2 h', 'Regelverk': 'NIS2 Art. 21', 'Kommentar': 'Krypterad data och system via phishing, risk för sidoförflyttning mot OT'}
2025-12-03 09:11:11,469 - __main__ - INFO - Top risk: Ransomware via kontors-IT (Identitets- och behörighetsplattform) - Mycket hög
2025-12-03 09:11:11,469 - __main__ - INFO - Top risk: Ransomware via kontors-IT (SCADA/DCS) - Mycket hög
2025-12-03 09:11:11,469 - __main__ - INFO - Top risk: Phishing / MFA-trötthet (Identitets- och behörighetsplattform) - Mycket hög
2025-12-03 09:11:11,470 - __main__ - INFO - Top risk: Phishing / MFA-trötthet (Driftcentral) - Mycket hög
2025-12-03 09:11:11,470 - __main__ - INFO - Top risk: Ransomware via kontors-IT (Kund- och faktureringssystem) - Hög
2025-12-03 09:11:11,470 - __main__ - INFO - Top risks slutresultat: ['Ransomware via kontors-IT (Identitets- och behörighetsplattform) - Mycket hög', 'Ransomware via kontors-IT (SCADA/DCS) - Mycket hög', 'Phishing / MFA-trötthet (Identitets- och behörighetsplattform) - Mycket hög', 'Phishing / MFA-trötthet (Driftcentral) - Mycket hög', 'Ransomware via kontors-IT (Kund- och faktureringssystem) - Hög']
2025-12-03 09:11:11,471 - __main__ - INFO - Regulatory gaps: 7
2025-12-03 09:11:11,471 - __main__ - INFO - Antal åtgärder: 15
2025-12-03 09:11:11,471 - __main__ - INFO - Exempel åtgärd: {'Åtgärds-ID': 'Å001', 'Risk-ID': 'R002', 'Beskrivning': 'Implementera Zero Trust-segmentering mellan IT och OT. Inför EDR på alla endpoints.', 'Strategi': 'Reducera', 'CIS Controls': 'CIS 4.1, CIS 4.2, CIS 10.1, CIS 13.2', 'Ansvarig roll': 'IT-chef / OT-säkerhetsansvarig', 'Planerat datum': '2026-06-01', 'Kostnad': 'H', 'Effekt': 'H', 'Status': 'Planerad', 'Kvarvarande risk': 'Medel', 'Implementation': 'Kartlägg alla dataflöden IT-OT; Upphandla EDR-lösning; Implementera mikrosegmentering; Testa återställning från backup'}
2025-12-03 09:11:11,472 - __main__ - INFO - Bearbetar åtgärd 1: ['Åtgärds-ID', 'Risk-ID', 'Beskrivning', 'Strategi', 'CIS Controls', 'Ansvarig roll', 'Planerat datum', 'Kostnad', 'Effekt', 'Status', 'Kvarvarande risk', 'Implementation']
2025-12-03 09:11:11,472 - __main__ - INFO - Åtgärd 1 tillagd: Implementera Zero Trust-segmentering mellan IT och OT. Inför EDR på alla endpoin...
2025-12-03 09:11:11,472 - __main__ - INFO - Bearbetar åtgärd 2: ['Åtgärds-ID', 'Risk-ID', 'Beskrivning', 'Strategi', 'CIS Controls', 'Ansvarig roll', 'Planerat datum', 'Kostnad', 'Effekt', 'Status', 'Kvarvarande risk', 'Implementation']
2025-12-03 09:11:11,473 - __main__ - INFO - Åtgärd 2 är duplikat, skippar
2025-12-03 09:11:11,473 - __main__ - INFO - Bearbetar åtgärd 3: ['Åtgärds-ID', 'Risk-ID', 'Beskrivning', 'Strategi', 'CIS Controls', 'Ansvarig roll', 'Planerat datum', 'Kostnad', 'Effekt', 'Status', 'Kvarvarande risk', 'Implementation']
2025-12-03 09:11:11,473 - __main__ - INFO - Åtgärd 2 tillagd: Komplettera MFA-införande till 100%. Genomför obligatorisk phishing-utbildning k...
2025-12-03 09:11:11,474 - __main__ - INFO - Bearbetar åtgärd 4: ['Åtgärds-ID', 'Risk-ID', 'Beskrivning', 'Strategi', 'CIS Controls', 'Ansvarig roll', 'Planerat datum', 'Kostnad', 'Effekt', 'Status', 'Kvarvarande risk', 'Implementation']
2025-12-03 09:11:11,474 - __main__ - INFO - Åtgärd 4 är duplikat, skippar
2025-12-03 09:11:11,474 - __main__ - INFO - Bearbetar åtgärd 5: ['Åtgärds-ID', 'Risk-ID', 'Beskrivning', 'Strategi', 'CIS Controls', 'Ansvarig roll', 'Planerat datum', 'Kostnad', 'Effekt', 'Status', 'Kvarvarande risk', 'Implementation']
2025-12-03 09:11:11,474 - __main__ - INFO - Åtgärd 5 är duplikat, skippar
2025-12-03 09:11:11,474 - __main__ - INFO - Bearbetar åtgärd 6: ['Åtgärds-ID', 'Risk-ID', 'Beskrivning', 'Strategi', 'CIS Controls', 'Ansvarig roll', 'Planerat datum', 'Kostnad', 'Effekt', 'Status', 'Kvarvarande risk', 'Implementation']
2025-12-03 09:11:11,475 - __main__ - INFO - Åtgärd 6 är duplikat, skippar
2025-12-03 09:11:11,475 - __main__ - INFO - Bearbetar åtgärd 7: ['Åtgärds-ID', 'Risk-ID', 'Beskrivning', 'Strategi', 'CIS Controls', 'Ansvarig roll', 'Planerat datum', 'Kostnad', 'Effekt', 'Status', 'Kvarvarande risk', 'Implementation']
2025-12-03 09:11:11,475 - __main__ - INFO - Åtgärd 3 tillagd: Åtgärda identifierad risk: Bristande efterlevnad av GDPR Art. 35...
2025-12-03 09:11:11,476 - __main__ - INFO - Bearbetar åtgärd 8: ['Åtgärds-ID', 'Risk-ID', 'Beskrivning', 'Strategi', 'CIS Controls', 'Ansvarig roll', 'Planerat datum', 'Kostnad', 'Effekt', 'Status', 'Kvarvarande risk', 'Implementation']
2025-12-03 09:11:11,476 - __main__ - INFO - Åtgärd 4 tillagd: Inför PAM (Privileged Access Management) för all leverantörsåtkomst med MFA och ...
2025-12-03 09:11:11,477 - __main__ - INFO - Bearbetar åtgärd 9: ['Åtgärds-ID', 'Risk-ID', 'Beskrivning', 'Strategi', 'CIS Controls', 'Ansvarig roll', 'Planerat datum', 'Kostnad', 'Effekt', 'Status', 'Kvarvarande risk', 'Implementation']
2025-12-03 09:11:11,477 - __main__ - INFO - Åtgärd 5 tillagd: Implementera API-säkerhetslösning med rate limiting, token rotation och logging...
2025-12-03 09:11:11,477 - __main__ - INFO - Priority actions: ['Implementera Zero Trust-segmentering mellan IT och OT. Inför EDR på alla endpoints.', 'Komplettera MFA-införande till 100%. Genomför obligatorisk phishing-utbildning kvartalsvis.', 'Åtgärda identifierad risk: Bristande efterlevnad av GDPR Art. 35', 'Inför PAM (Privileged Access Management) för all leverantörsåtkomst med MFA och tidsbegränsning', 'Implementera API-säkerhetslösning med rate limiting, token rotation och logging']
2025-12-03 09:11:11,478 - __main__ - INFO - Riskfördelning visar alla som 'Okänd', räknar om från risker...
2025-12-03 09:11:11,478 - __main__ - INFO - Ny riskfördelning: {'Mycket hög': 4, 'Hög': 7, 'Medel': 20, 'Låg': 1}
2025-12-03 09:11:11,479 - __main__ - INFO - Risk distribution: {'Mycket hög': 4, 'Hög': 7, 'Medel': 20, 'Låg': 1}
2025-12-03 09:11:11,479 - __main__ - INFO - === PDF data sammanfattning ===
2025-12-03 09:11:11,479 - __main__ - INFO - Compliance: 22.22222222222222%
2025-12-03 09:11:11,479 - __main__ - INFO - Mycket höga risker: 4
2025-12-03 09:11:11,480 - __main__ - INFO - Top risks antal: 5
2025-12-03 09:11:11,480 - __main__ - INFO - Priority actions antal: 5
2025-12-03 09:13:25,756 - modules.regulatorisk_modul - INFO - Regulatorisk modul initierad
2025-12-03 09:13:25,757 - modules.risk_workshop_modul - INFO - Risk Workshop-modul initierad
2025-12-03 09:13:25,758 - modules.api_sakerhet_modul - INFO - API-säkerhetsmodul initierad
2025-12-03 09:13:25,758 - modules.rapport_generator - INFO - RapportGenerator initierad - Output: C:\Users\ÄGARE\Documents\Chas\neab_security_assessment\data\output\20251203_091325
2025-12-03 09:13:25,761 - __main__ - INFO - Tillgängliga metoder i RegulatoriskAnalys: cer_krav, config, dora_krav, gdpr_krav, kartlägg_krav, nationella_krav, nis2_krav, organisation
2025-12-03 09:13:25,761 - modules.regulatorisk_modul - INFO - Startar regulatorisk kartläggning...
2025-12-03 09:13:25,761 - modules.regulatorisk_modul - INFO - Kartläggning klar: 9 krav analyserade
2025-12-03 09:13:25,762 - modules.risk_workshop_modul - INFO - Startar riskworkshop...
2025-12-03 09:13:25,763 - modules.risk_workshop_modul - INFO - Workshop klar: 32 risker identifierade
2025-12-03 09:13:25,764 - modules.risk_workshop_modul - INFO - Genererar åtgärdsplan...
2025-12-03 09:13:25,765 - modules.risk_workshop_modul - INFO - Åtgärdsplan klar: 15 åtgärder
2025-12-03 09:13:25,767 - modules.api_sakerhet_modul - INFO - Startar API-säkerhetsanalys...
2025-12-03 09:13:25,768 - modules.api_sakerhet_modul - INFO - API-analys klar: 4 scenarios analyserade
2025-12-03 09:13:26,363 - __main__ - INFO - Antal risker för heat map: 32
2025-12-03 09:13:26,364 - __main__ - INFO - Skapar heat map: C:\Users\ÄGARE\Documents\Chas\neab_security_assessment\data\output\20251203_091325\NEAB_Risk_Heatmap_20251203_091325.png
2025-12-03 09:13:26,767 - utils.risk_heatmap - INFO - === HEAT MAP DEBUG: Börjar plotta 32 risker ===
2025-12-03 09:13:26,874 - utils.risk_heatmap - INFO - === HEAT MAP SAMMANFATTNING ===
2025-12-03 09:13:26,875 - utils.risk_heatmap - INFO - Plottade 32 risker:
2025-12-03 09:13:26,876 - utils.risk_heatmap - INFO -   ✓ R002 (Mycket hög) - S:3, K:5 → Grid(4,2)
2025-12-03 09:13:26,876 - utils.risk_heatmap - INFO -   ✓ R003 (Mycket hög) - S:3, K:5 → Grid(4,2)
2025-12-03 09:13:26,877 - utils.risk_heatmap - INFO -   ✓ R006 (Mycket hög) - S:3, K:5 → Grid(4,2)
2025-12-03 09:13:26,877 - utils.risk_heatmap - INFO -   ✓ R008 (Mycket hög) - S:3, K:5 → Grid(4,2)
2025-12-03 09:13:26,878 - utils.risk_heatmap - INFO -   ✓ R001 (Hög) - S:3, K:4 → Grid(3,2)
2025-12-03 09:13:26,878 - utils.risk_heatmap - INFO -   ✓ R007 (Hög) - S:3, K:4 → Grid(3,2)
2025-12-03 09:13:26,879 - utils.risk_heatmap - INFO -   ✓ R031 (Hög) - S:3, K:4 → Grid(3,2)
2025-12-03 09:13:26,879 - utils.risk_heatmap - INFO -   ✓ R004 (Hög) - S:2, K:5 → Grid(4,3)
2025-12-03 09:13:26,880 - utils.risk_heatmap - INFO -   ✓ R012 (Hög) - S:2, K:5 → Grid(4,3)
2025-12-03 09:13:26,880 - utils.risk_heatmap - INFO -   ✓ R023 (Hög) - S:2, K:5 → Grid(4,3)
2025-12-03 09:13:26,881 - utils.risk_heatmap - INFO -   ... och 22 till
2025-12-03 09:13:27,494 - __main__ - INFO - Försöker generera_komplett_paket...
2025-12-03 09:13:27,494 - modules.rapport_generator - INFO - Genererar komplett rapportpaket...
2025-12-03 09:13:27,503 - __main__ - WARNING - generera_komplett_paket misslyckades: unsupported operand type(s) for /: 'str' and 'str'
2025-12-03 09:13:27,503 - __main__ - INFO - Letar efter Excel-fil i output-mappen...
2025-12-03 09:13:27,505 - __main__ - INFO - Skapar Excel med backup-generator...
2025-12-03 09:13:27,637 - utils.excel_backup_generator - INFO - Excel backup skapad: C:\Users\ÄGARE\Documents\Chas\neab_security_assessment\data\output\20251203_091325\NEAB_Sakerhetsanalys_20251203_091325.xlsx
2025-12-03 09:13:27,638 - __main__ - INFO - Backup Excel skapad: C:\Users\ÄGARE\Documents\Chas\neab_security_assessment\data\output\20251203_091325\NEAB_Sakerhetsanalys_20251203_091325.xlsx
2025-12-03 09:13:27,640 - __main__ - INFO - === DEBUG: Förbereder PDF-data ===
2025-12-03 09:13:27,640 - __main__ - INFO - Resultat nycklar: ['regulatorisk', 'risk', 'mitigering', 'api', 'heatmap_path']
2025-12-03 09:13:27,641 - __main__ - INFO - Regulatorisk nycklar: ['krav', 'statistik', 'sammanfattning', 'prioriterade_åtgärder', 'efterlevnad_procent']
2025-12-03 09:13:27,641 - __main__ - INFO - Risk nycklar: ['risker', 'riskmatris', 'sammanfattning', 'top_risker', 'tillgangar', 'riskfordelning']
2025-12-03 09:13:27,641 - __main__ - INFO - Mitigering nycklar: ['åtgärder', 'sammanfattning', 'budget_estimat', 'tidslinje']
2025-12-03 09:13:27,642 - __main__ - INFO - Antal krav: 9
2025-12-03 09:13:27,642 - __main__ - INFO - Exempel krav struktur: ['Regelverk', 'Artikel', 'Krav', 'Tillämpning', 'Status', 'Gap-analys', 'Föreslagen åtgärd', 'CIS Controls']
2025-12-03 09:13:27,642 - __main__ - INFO - Antal risker: 32
2025-12-03 09:13:27,643 - __main__ - INFO - Exempel risk struktur: ['Risk-ID', 'Tillgång / område', 'Hot', 'STRIDE', 'Sårbarhet', 'Konsekvens', 'CIA-påverkan', 'Konsekvensnivå', 'Sannolikhet', 'Riskvärde', 'Risknivå', 'Befintliga kontroller', 'Regelverk', 'Kommentar']
2025-12-03 09:13:27,643 - __main__ - INFO - Första risken: {'Risk-ID': 'R002', 'Tillgång / område': 'Identitets- och behörighetsplattform', 'Hot': 'Ransomware via kontors-IT', 'STRIDE': 'Denial of Service (Överbelastning)', 'Sårbarhet': 'Bristande zonindelning IT/OT, delade autentiseringstjänster', 'Konsekvens': 'Driftstopp, målvärde: RTO 2 h', 'CIA-påverkan': 'A', 'Konsekvensnivå': 5, 'Sannolikhet': 3, 'Riskvärde': 15, 'Risknivå': 'Mycket hög', 'Befintliga kontroller': 'Åtkomstkontroll (delvis MFA); Loggning till SIEM; Backup med RTO 2 h', 'Regelverk': 'NIS2 Art. 21', 'Kommentar': 'Krypterad data och system via phishing, risk för sidoförflyttning mot OT'}
2025-12-03 09:13:27,644 - __main__ - INFO - Top risk: Ransomware via kontors-IT (Identitets- och behörighetsplattform) - Mycket hög
2025-12-03 09:13:27,644 - __main__ - INFO - Top risk: Ransomware via kontors-IT (SCADA/DCS) - Mycket hög
2025-12-03 09:13:27,645 - __main__ - INFO - Top risk: Phishing / MFA-trötthet (Identitets- och behörighetsplattform) - Mycket hög
2025-12-03 09:13:27,645 - __main__ - INFO - Top risk: Phishing / MFA-trötthet (Driftcentral) - Mycket hög
2025-12-03 09:13:27,645 - __main__ - INFO - Top risk: Ransomware via kontors-IT (Kund- och faktureringssystem) - Hög
2025-12-03 09:13:27,646 - __main__ - INFO - Top risks slutresultat: ['Ransomware via kontors-IT (Identitets- och behörighetsplattform) - Mycket hög', 'Ransomware via kontors-IT (SCADA/DCS) - Mycket hög', 'Phishing / MFA-trötthet (Identitets- och behörighetsplattform) - Mycket hög', 'Phishing / MFA-trötthet (Driftcentral) - Mycket hög', 'Ransomware via kontors-IT (Kund- och faktureringssystem) - Hög']
2025-12-03 09:13:27,646 - __main__ - INFO - Regulatory gaps: 7
2025-12-03 09:13:27,647 - __main__ - INFO - Antal åtgärder: 15
2025-12-03 09:13:27,648 - __main__ - INFO - Exempel åtgärd: {'Åtgärds-ID': 'Å001', 'Risk-ID': 'R002', 'Beskrivning': 'Implementera Zero Trust-segmentering mellan IT och OT. Inför EDR på alla endpoints.', 'Strategi': 'Reducera', 'CIS Controls': 'CIS 4.1, CIS 4.2, CIS 10.1, CIS 13.2', 'Ansvarig roll': 'IT-chef / OT-säkerhetsansvarig', 'Planerat datum': '2026-06-01', 'Kostnad': 'H', 'Effekt': 'H', 'Status': 'Planerad', 'Kvarvarande risk': 'Medel', 'Implementation': 'Kartlägg alla dataflöden IT-OT; Upphandla EDR-lösning; Implementera mikrosegmentering; Testa återställning från backup'}
2025-12-03 09:13:27,648 - __main__ - INFO - Bearbetar åtgärd 1: ['Åtgärds-ID', 'Risk-ID', 'Beskrivning', 'Strategi', 'CIS Controls', 'Ansvarig roll', 'Planerat datum', 'Kostnad', 'Effekt', 'Status', 'Kvarvarande risk', 'Implementation']
2025-12-03 09:13:27,649 - __main__ - INFO - Åtgärd 1 tillagd: Implementera Zero Trust-segmentering mellan IT och OT. Inför EDR på alla endpoin...
2025-12-03 09:13:27,649 - __main__ - INFO - Bearbetar åtgärd 2: ['Åtgärds-ID', 'Risk-ID', 'Beskrivning', 'Strategi', 'CIS Controls', 'Ansvarig roll', 'Planerat datum', 'Kostnad', 'Effekt', 'Status', 'Kvarvarande risk', 'Implementation']
2025-12-03 09:13:27,649 - __main__ - INFO - Åtgärd 2 är duplikat, skippar
2025-12-03 09:13:27,650 - __main__ - INFO - Bearbetar åtgärd 3: ['Åtgärds-ID', 'Risk-ID', 'Beskrivning', 'Strategi', 'CIS Controls', 'Ansvarig roll', 'Planerat datum', 'Kostnad', 'Effekt', 'Status', 'Kvarvarande risk', 'Implementation']
2025-12-03 09:13:27,650 - __main__ - INFO - Åtgärd 2 tillagd: Komplettera MFA-införande till 100%. Genomför obligatorisk phishing-utbildning k...
2025-12-03 09:13:27,651 - __main__ - INFO - Bearbetar åtgärd 4: ['Åtgärds-ID', 'Risk-ID', 'Beskrivning', 'Strategi', 'CIS Controls', 'Ansvarig roll', 'Planerat datum', 'Kostnad', 'Effekt', 'Status', 'Kvarvarande risk', 'Implementation']
2025-12-03 09:13:27,651 - __main__ - INFO - Åtgärd 4 är duplikat, skippar
2025-12-03 09:13:27,651 - __main__ - INFO - Bearbetar åtgärd 5: ['Åtgärds-ID', 'Risk-ID', 'Beskrivning', 'Strategi', 'CIS Controls', 'Ansvarig roll', 'Planerat datum', 'Kostnad', 'Effekt', 'Status', 'Kvarvarande risk', 'Implementation']
2025-12-03 09:13:27,651 - __main__ - INFO - Åtgärd 5 är duplikat, skippar
2025-12-03 09:13:27,651 - __main__ - INFO - Bearbetar åtgärd 6: ['Åtgärds-ID', 'Risk-ID', 'Beskrivning', 'Strategi', 'CIS Controls', 'Ansvarig roll', 'Planerat datum', 'Kostnad', 'Effekt', 'Status', 'Kvarvarande risk', 'Implementation']
2025-12-03 09:13:27,652 - __main__ - INFO - Åtgärd 6 är duplikat, skippar
2025-12-03 09:13:27,652 - __main__ - INFO - Bearbetar åtgärd 7: ['Åtgärds-ID', 'Risk-ID', 'Beskrivning', 'Strategi', 'CIS Controls', 'Ansvarig roll', 'Planerat datum', 'Kostnad', 'Effekt', 'Status', 'Kvarvarande risk', 'Implementation']
2025-12-03 09:13:27,653 - __main__ - INFO - Åtgärd 3 tillagd: Åtgärda identifierad risk: Bristande efterlevnad av GDPR Art. 35...
2025-12-03 09:13:27,654 - __main__ - INFO - Bearbetar åtgärd 8: ['Åtgärds-ID', 'Risk-ID', 'Beskrivning', 'Strategi', 'CIS Controls', 'Ansvarig roll', 'Planerat datum', 'Kostnad', 'Effekt', 'Status', 'Kvarvarande risk', 'Implementation']
2025-12-03 09:13:27,654 - __main__ - INFO - Åtgärd 4 tillagd: Inför PAM (Privileged Access Management) för all leverantörsåtkomst med MFA och ...
2025-12-03 09:13:27,654 - __main__ - INFO - Bearbetar åtgärd 9: ['Åtgärds-ID', 'Risk-ID', 'Beskrivning', 'Strategi', 'CIS Controls', 'Ansvarig roll', 'Planerat datum', 'Kostnad', 'Effekt', 'Status', 'Kvarvarande risk', 'Implementation']
2025-12-03 09:13:27,654 - __main__ - INFO - Åtgärd 5 tillagd: Implementera API-säkerhetslösning med rate limiting, token rotation och logging...
2025-12-03 09:13:27,655 - __main__ - INFO - Priority actions: ['Implementera Zero Trust-segmentering mellan IT och OT. Inför EDR på alla endpoints.', 'Komplettera MFA-införande till 100%. Genomför obligatorisk phishing-utbildning kvartalsvis.', 'Åtgärda identifierad risk: Bristande efterlevnad av GDPR Art. 35', 'Inför PAM (Privileged Access Management) för all leverantörsåtkomst med MFA och tidsbegränsning', 'Implementera API-säkerhetslösning med rate limiting, token rotation och logging']
2025-12-03 09:13:27,655 - __main__ - INFO - Riskfördelning visar alla som 'Okänd', räknar om från risker...
2025-12-03 09:13:27,655 - __main__ - INFO - Ny riskfördelning: {'Mycket hög': 4, 'Hög': 7, 'Medel': 20, 'Låg': 1}
2025-12-03 09:13:27,656 - __main__ - INFO - Risk distribution: {'Mycket hög': 4, 'Hög': 7, 'Medel': 20, 'Låg': 1}
2025-12-03 09:13:27,656 - __main__ - INFO - === PDF data sammanfattning ===
2025-12-03 09:13:27,656 - __main__ - INFO - Compliance: 22.22222222222222%
2025-12-03 09:13:27,656 - __main__ - INFO - Mycket höga risker: 4
2025-12-03 09:13:27,656 - __main__ - INFO - Top risks antal: 5
2025-12-03 09:13:27,657 - __main__ - INFO - Priority actions antal: 5
2025-12-03 09:16:08,733 - modules.regulatorisk_modul - INFO - Regulatorisk modul initierad
2025-12-03 09:16:08,733 - modules.risk_workshop_modul - INFO - Risk Workshop-modul initierad
2025-12-03 09:16:08,733 - modules.api_sakerhet_modul - INFO - API-säkerhetsmodul initierad
2025-12-03 09:16:08,733 - modules.rapport_generator - INFO - RapportGenerator initierad - Output: C:\Users\ÄGARE\Documents\Chas\neab_security_assessment\data\output\20251203_091608
2025-12-03 09:16:08,734 - __main__ - INFO - Tillgängliga metoder i RegulatoriskAnalys: cer_krav, config, dora_krav, gdpr_krav, kartlägg_krav, nationella_krav, nis2_krav, organisation
2025-12-03 09:16:08,734 - modules.regulatorisk_modul - INFO - Startar regulatorisk kartläggning...
2025-12-03 09:16:08,734 - modules.regulatorisk_modul - INFO - Kartläggning klar: 9 krav analyserade
2025-12-03 09:16:08,734 - modules.risk_workshop_modul - INFO - Startar riskworkshop...
2025-12-03 09:16:08,735 - modules.risk_workshop_modul - INFO - Workshop klar: 32 risker identifierade
2025-12-03 09:16:08,735 - modules.risk_workshop_modul - INFO - Genererar åtgärdsplan...
2025-12-03 09:16:08,736 - modules.risk_workshop_modul - INFO - Åtgärdsplan klar: 15 åtgärder
2025-12-03 09:16:08,737 - modules.api_sakerhet_modul - INFO - Startar API-säkerhetsanalys...
2025-12-03 09:16:08,737 - modules.api_sakerhet_modul - INFO - API-analys klar: 4 scenarios analyserade
2025-12-03 09:16:09,319 - __main__ - INFO - Antal risker för heat map: 32
2025-12-03 09:16:09,319 - __main__ - INFO - Skapar heat map: C:\Users\ÄGARE\Documents\Chas\neab_security_assessment\data\output\20251203_091608\NEAB_Risk_Heatmap_20251203_091608.png
2025-12-03 09:16:09,626 - utils.risk_heatmap - INFO - === HEAT MAP DEBUG: Börjar plotta 32 risker ===
2025-12-03 09:16:09,750 - utils.risk_heatmap - INFO - === HEAT MAP SAMMANFATTNING ===
2025-12-03 09:16:09,751 - utils.risk_heatmap - INFO - Plottade 32 risker:
2025-12-03 09:16:09,751 - utils.risk_heatmap - INFO -   ✓ R002 (Mycket hög) - S:3, K:5 → Grid(4,2)
2025-12-03 09:16:09,751 - utils.risk_heatmap - INFO -   ✓ R003 (Mycket hög) - S:3, K:5 → Grid(4,2)
2025-12-03 09:16:09,751 - utils.risk_heatmap - INFO -   ✓ R006 (Mycket hög) - S:3, K:5 → Grid(4,2)
2025-12-03 09:16:09,751 - utils.risk_heatmap - INFO -   ✓ R008 (Mycket hög) - S:3, K:5 → Grid(4,2)
2025-12-03 09:16:09,751 - utils.risk_heatmap - INFO -   ✓ R001 (Hög) - S:3, K:4 → Grid(3,2)
2025-12-03 09:16:09,751 - utils.risk_heatmap - INFO -   ✓ R007 (Hög) - S:3, K:4 → Grid(3,2)
2025-12-03 09:16:09,751 - utils.risk_heatmap - INFO -   ✓ R031 (Hög) - S:3, K:4 → Grid(3,2)
2025-12-03 09:16:09,752 - utils.risk_heatmap - INFO -   ✓ R004 (Hög) - S:2, K:5 → Grid(4,3)
2025-12-03 09:16:09,752 - utils.risk_heatmap - INFO -   ✓ R012 (Hög) - S:2, K:5 → Grid(4,3)
2025-12-03 09:16:09,752 - utils.risk_heatmap - INFO -   ✓ R023 (Hög) - S:2, K:5 → Grid(4,3)
2025-12-03 09:16:09,752 - utils.risk_heatmap - INFO -   ... och 22 till
2025-12-03 09:16:10,388 - __main__ - INFO - Försöker generera_komplett_paket...
2025-12-03 09:16:10,388 - modules.rapport_generator - INFO - Genererar komplett rapportpaket...
2025-12-03 09:16:10,396 - __main__ - WARNING - generera_komplett_paket misslyckades: unsupported operand type(s) for /: 'str' and 'str'
2025-12-03 09:16:10,396 - __main__ - INFO - Letar efter Excel-fil i output-mappen...
2025-12-03 09:16:10,397 - __main__ - INFO - Skapar Excel med backup-generator...
2025-12-03 09:16:10,531 - utils.excel_backup_generator - INFO - Excel backup skapad: C:\Users\ÄGARE\Documents\Chas\neab_security_assessment\data\output\20251203_091608\NEAB_Sakerhetsanalys_20251203_091608.xlsx
2025-12-03 09:16:10,531 - __main__ - INFO - Backup Excel skapad: C:\Users\ÄGARE\Documents\Chas\neab_security_assessment\data\output\20251203_091608\NEAB_Sakerhetsanalys_20251203_091608.xlsx
2025-12-03 09:16:10,532 - __main__ - INFO - === DEBUG: Förbereder PDF-data ===
2025-12-03 09:16:10,532 - __main__ - INFO - Resultat nycklar: ['regulatorisk', 'risk', 'mitigering', 'api', 'heatmap_path']
2025-12-03 09:16:10,532 - __main__ - INFO - Regulatorisk nycklar: ['krav', 'statistik', 'sammanfattning', 'prioriterade_åtgärder', 'efterlevnad_procent']
2025-12-03 09:16:10,532 - __main__ - INFO - Risk nycklar: ['risker', 'riskmatris', 'sammanfattning', 'top_risker', 'tillgangar', 'riskfordelning']
2025-12-03 09:16:10,532 - __main__ - INFO - Mitigering nycklar: ['åtgärder', 'sammanfattning', 'budget_estimat', 'tidslinje']
2025-12-03 09:16:10,532 - __main__ - INFO - Antal krav: 9
2025-12-03 09:16:10,532 - __main__ - INFO - Exempel krav struktur: ['Regelverk', 'Artikel', 'Krav', 'Tillämpning', 'Status', 'Gap-analys', 'Föreslagen åtgärd', 'CIS Controls']
2025-12-03 09:16:10,532 - __main__ - INFO - Antal risker: 32
2025-12-03 09:16:10,532 - __main__ - INFO - Exempel risk struktur: ['Risk-ID', 'Tillgång / område', 'Hot', 'STRIDE', 'Sårbarhet', 'Konsekvens', 'CIA-påverkan', 'Konsekvensnivå', 'Sannolikhet', 'Riskvärde', 'Risknivå', 'Befintliga kontroller', 'Regelverk', 'Kommentar']
2025-12-03 09:16:10,532 - __main__ - INFO - Första risken: {'Risk-ID': 'R002', 'Tillgång / område': 'Identitets- och behörighetsplattform', 'Hot': 'Ransomware via kontors-IT', 'STRIDE': 'Denial of Service (Överbelastning)', 'Sårbarhet': 'Bristande zonindelning IT/OT, delade autentiseringstjänster', 'Konsekvens': 'Driftstopp, målvärde: RTO 2 h', 'CIA-påverkan': 'A', 'Konsekvensnivå': 5, 'Sannolikhet': 3, 'Riskvärde': 15, 'Risknivå': 'Mycket hög', 'Befintliga kontroller': 'Åtkomstkontroll (delvis MFA); Loggning till SIEM; Backup med RTO 2 h', 'Regelverk': 'NIS2 Art. 21', 'Kommentar': 'Krypterad data och system via phishing, risk för sidoförflyttning mot OT'}
2025-12-03 09:16:10,532 - __main__ - INFO - Top risk: Ransomware via kontors-IT (Identitets- och behörighetsplattform) - Mycket hög
2025-12-03 09:16:10,532 - __main__ - INFO - Top risk: Ransomware via kontors-IT (SCADA/DCS) - Mycket hög
2025-12-03 09:16:10,533 - __main__ - INFO - Top risk: Phishing / MFA-trötthet (Identitets- och behörighetsplattform) - Mycket hög
2025-12-03 09:16:10,533 - __main__ - INFO - Top risk: Phishing / MFA-trötthet (Driftcentral) - Mycket hög
2025-12-03 09:16:10,533 - __main__ - INFO - Top risk: Ransomware via kontors-IT (Kund- och faktureringssystem) - Hög
2025-12-03 09:16:10,533 - __main__ - INFO - Top risks slutresultat: ['Ransomware via kontors-IT (Identitets- och behörighetsplattform) - Mycket hög', 'Ransomware via kontors-IT (SCADA/DCS) - Mycket hög', 'Phishing / MFA-trötthet (Identitets- och behörighetsplattform) - Mycket hög', 'Phishing / MFA-trötthet (Driftcentral) - Mycket hög', 'Ransomware via kontors-IT (Kund- och faktureringssystem) - Hög']
2025-12-03 09:16:10,533 - __main__ - INFO - Regulatory gaps: 7
2025-12-03 09:16:10,533 - __main__ - INFO - Antal åtgärder: 15
2025-12-03 09:16:10,533 - __main__ - INFO - Exempel åtgärd: {'Åtgärds-ID': 'Å001', 'Risk-ID': 'R002', 'Beskrivning': 'Implementera Zero Trust-segmentering mellan IT och OT. Inför EDR på alla endpoints.', 'Strategi': 'Reducera', 'CIS Controls': 'CIS 4.1, CIS 4.2, CIS 10.1, CIS 13.2', 'Ansvarig roll': 'IT-chef / OT-säkerhetsansvarig', 'Planerat datum': '2026-06-01', 'Kostnad': 'H', 'Effekt': 'H', 'Status': 'Planerad', 'Kvarvarande risk': 'Medel', 'Implementation': 'Kartlägg alla dataflöden IT-OT; Upphandla EDR-lösning; Implementera mikrosegmentering; Testa återställning från backup'}
2025-12-03 09:16:10,533 - __main__ - INFO - Bearbetar åtgärd 1: ['Åtgärds-ID', 'Risk-ID', 'Beskrivning', 'Strategi', 'CIS Controls', 'Ansvarig roll', 'Planerat datum', 'Kostnad', 'Effekt', 'Status', 'Kvarvarande risk', 'Implementation']
2025-12-03 09:16:10,533 - __main__ - INFO - Åtgärd 1 tillagd: Implementera Zero Trust-segmentering mellan IT och OT. Inför EDR på alla endpoin...
2025-12-03 09:16:10,533 - __main__ - INFO - Bearbetar åtgärd 2: ['Åtgärds-ID', 'Risk-ID', 'Beskrivning', 'Strategi', 'CIS Controls', 'Ansvarig roll', 'Planerat datum', 'Kostnad', 'Effekt', 'Status', 'Kvarvarande risk', 'Implementation']
2025-12-03 09:16:10,533 - __main__ - INFO - Åtgärd 2 är duplikat, skippar
2025-12-03 09:16:10,533 - __main__ - INFO - Bearbetar åtgärd 3: ['Åtgärds-ID', 'Risk-ID', 'Beskrivning', 'Strategi', 'CIS Controls', 'Ansvarig roll', 'Planerat datum', 'Kostnad', 'Effekt', 'Status', 'Kvarvarande risk', 'Implementation']
2025-12-03 09:16:10,533 - __main__ - INFO - Åtgärd 2 tillagd: Komplettera MFA-införande till 100%. Genomför obligatorisk phishing-utbildning k...
2025-12-03 09:16:10,534 - __main__ - INFO - Bearbetar åtgärd 4: ['Åtgärds-ID', 'Risk-ID', 'Beskrivning', 'Strategi', 'CIS Controls', 'Ansvarig roll', 'Planerat datum', 'Kostnad', 'Effekt', 'Status', 'Kvarvarande risk', 'Implementation']
2025-12-03 09:16:10,534 - __main__ - INFO - Åtgärd 4 är duplikat, skippar
2025-12-03 09:16:10,534 - __main__ - INFO - Bearbetar åtgärd 5: ['Åtgärds-ID', 'Risk-ID', 'Beskrivning', 'Strategi', 'CIS Controls', 'Ansvarig roll', 'Planerat datum', 'Kostnad', 'Effekt', 'Status', 'Kvarvarande risk', 'Implementation']
2025-12-03 09:16:10,534 - __main__ - INFO - Åtgärd 5 är duplikat, skippar
2025-12-03 09:16:10,534 - __main__ - INFO - Bearbetar åtgärd 6: ['Åtgärds-ID', 'Risk-ID', 'Beskrivning', 'Strategi', 'CIS Controls', 'Ansvarig roll', 'Planerat datum', 'Kostnad', 'Effekt', 'Status', 'Kvarvarande risk', 'Implementation']
2025-12-03 09:16:10,534 - __main__ - INFO - Åtgärd 6 är duplikat, skippar
2025-12-03 09:16:10,534 - __main__ - INFO - Bearbetar åtgärd 7: ['Åtgärds-ID', 'Risk-ID', 'Beskrivning', 'Strategi', 'CIS Controls', 'Ansvarig roll', 'Planerat datum', 'Kostnad', 'Effekt', 'Status', 'Kvarvarande risk', 'Implementation']
2025-12-03 09:16:10,534 - __main__ - INFO - Åtgärd 3 tillagd: Åtgärda identifierad risk: Bristande efterlevnad av GDPR Art. 35...
2025-12-03 09:16:10,534 - __main__ - INFO - Bearbetar åtgärd 8: ['Åtgärds-ID', 'Risk-ID', 'Beskrivning', 'Strategi', 'CIS Controls', 'Ansvarig roll', 'Planerat datum', 'Kostnad', 'Effekt', 'Status', 'Kvarvarande risk', 'Implementation']
2025-12-03 09:16:10,534 - __main__ - INFO - Åtgärd 4 tillagd: Inför PAM (Privileged Access Management) för all leverantörsåtkomst med MFA och ...
2025-12-03 09:16:10,534 - __main__ - INFO - Bearbetar åtgärd 9: ['Åtgärds-ID', 'Risk-ID', 'Beskrivning', 'Strategi', 'CIS Controls', 'Ansvarig roll', 'Planerat datum', 'Kostnad', 'Effekt', 'Status', 'Kvarvarande risk', 'Implementation']
2025-12-03 09:16:10,535 - __main__ - INFO - Åtgärd 5 tillagd: Implementera API-säkerhetslösning med rate limiting, token rotation och logging...
2025-12-03 09:16:10,535 - __main__ - INFO - Priority actions: ['Implementera Zero Trust-segmentering mellan IT och OT. Inför EDR på alla endpoints.', 'Komplettera MFA-införande till 100%. Genomför obligatorisk phishing-utbildning kvartalsvis.', 'Åtgärda identifierad risk: Bristande efterlevnad av GDPR Art. 35', 'Inför PAM (Privileged Access Management) för all leverantörsåtkomst med MFA och tidsbegränsning', 'Implementera API-säkerhetslösning med rate limiting, token rotation och logging']
2025-12-03 09:16:10,535 - __main__ - INFO - Riskfördelning visar alla som 'Okänd', räknar om från risker...
2025-12-03 09:16:10,535 - __main__ - INFO - Ny riskfördelning: {'Mycket hög': 4, 'Hög': 7, 'Medel': 20, 'Låg': 1}
2025-12-03 09:16:10,536 - __main__ - INFO - Risk distribution: {'Mycket hög': 4, 'Hög': 7, 'Medel': 20, 'Låg': 1}
2025-12-03 09:16:10,536 - __main__ - INFO - === PDF data sammanfattning ===
2025-12-03 09:16:10,536 - __main__ - INFO - Compliance: 22.22222222222222%
2025-12-03 09:16:10,536 - __main__ - INFO - Mycket höga risker: 4
2025-12-03 09:16:10,536 - __main__ - INFO - Top risks antal: 5
2025-12-03 09:16:10,536 - __main__ - INFO - Priority actions antal: 5
2025-12-03 10:54:43,759 - werkzeug - INFO - [31m[1mWARNING: This is a development server. Do not use it in a production deployment. Use a production WSGI server instead.[0m
 * Running on http://127.0.0.1:5000
2025-12-03 10:54:43,760 - werkzeug - INFO - [33mPress CTRL+C to quit[0m
2025-12-03 10:54:43,764 - werkzeug - INFO -  * Restarting with stat
2025-12-03 10:54:45,848 - werkzeug - WARNING -  * Debugger is active!
2025-12-03 10:54:45,857 - werkzeug - INFO -  * Debugger PIN: 567-024-807
2025-12-03 10:55:34,725 - werkzeug - INFO - 127.0.0.1 - - [03/Dec/2025 10:55:34] "[35m[1mGET / HTTP/1.1[0m" 500 -
2025-12-03 10:55:34,807 - werkzeug - INFO - 127.0.0.1 - - [03/Dec/2025 10:55:34] "GET /?__debugger__=yes&cmd=resource&f=style.css HTTP/1.1" 200 -
2025-12-03 10:55:34,833 - werkzeug - INFO - 127.0.0.1 - - [03/Dec/2025 10:55:34] "GET /?__debugger__=yes&cmd=resource&f=debugger.js HTTP/1.1" 200 -
2025-12-03 10:55:34,925 - werkzeug - INFO - 127.0.0.1 - - [03/Dec/2025 10:55:34] "GET /?__debugger__=yes&cmd=resource&f=console.png&s=nIFyTzQQXF9Kv4HS69rd HTTP/1.1" 200 -
2025-12-03 10:55:34,990 - werkzeug - INFO - 127.0.0.1 - - [03/Dec/2025 10:55:34] "GET /?__debugger__=yes&cmd=resource&f=console.png HTTP/1.1" 200 -
2025-12-03 11:05:46,242 - werkzeug - INFO -  * Detected change in 'C:\\Users\\ÄGARE\\Documents\\Chas\\neab_security_assessment\\app.py', reloading
2025-12-03 11:05:46,478 - werkzeug - INFO -  * Restarting with stat
2025-12-03 11:21:02,554 - werkzeug - INFO -  * Restarting with stat
2025-12-03 11:39:03,541 - modules.regulatorisk_modul - INFO - Regulatorisk modul initierad
2025-12-03 11:39:03,541 - modules.risk_workshop_modul - INFO - Risk Workshop-modul initierad
2025-12-03 11:39:03,542 - modules.api_sakerhet_modul - INFO - API-säkerhetsmodul initierad
2025-12-03 11:39:03,542 - modules.rapport_generator - INFO - RapportGenerator initierad - Output: C:\Users\ÄGARE\Documents\Chas\neab_security_assessment\data\output\20251203_113903
2025-12-03 11:39:03,545 - __main__ - INFO - Tillgängliga metoder i RegulatoriskAnalys: cer_krav, config, dora_krav, gdpr_krav, kartlägg_krav, nationella_krav, nis2_krav, organisation
2025-12-03 11:39:03,545 - modules.regulatorisk_modul - INFO - Startar regulatorisk kartläggning...
2025-12-03 11:39:03,546 - modules.regulatorisk_modul - INFO - Kartläggning klar: 9 krav analyserade
2025-12-03 11:39:03,547 - modules.risk_workshop_modul - INFO - Startar riskworkshop...
2025-12-03 11:39:03,547 - modules.risk_workshop_modul - INFO - Workshop klar: 32 risker identifierade
2025-12-03 11:39:03,549 - modules.risk_workshop_modul - INFO - Genererar åtgärdsplan...
2025-12-03 11:39:03,549 - modules.risk_workshop_modul - INFO - Åtgärdsplan klar: 15 åtgärder
2025-12-03 11:39:03,550 - modules.api_sakerhet_modul - INFO - Startar API-säkerhetsanalys...
2025-12-03 11:39:03,550 - modules.api_sakerhet_modul - INFO - API-analys klar: 4 scenarios analyserade
2025-12-03 11:39:04,043 - __main__ - INFO - Antal risker för heat map: 32
2025-12-03 11:39:04,044 - __main__ - INFO - Skapar heat map: C:\Users\ÄGARE\Documents\Chas\neab_security_assessment\data\output\20251203_113903\NEAB_Risk_Heatmap_20251203_113903.png
2025-12-03 11:39:04,346 - utils.risk_heatmap - INFO - === HEAT MAP DEBUG: Börjar plotta 32 risker ===
2025-12-03 11:39:04,437 - utils.risk_heatmap - INFO - === HEAT MAP SAMMANFATTNING ===
2025-12-03 11:39:04,438 - utils.risk_heatmap - INFO - Plottade 32 risker:
2025-12-03 11:39:04,439 - utils.risk_heatmap - INFO -   ✓ R002 (Mycket hög) - S:3, K:5 → Grid(4,2)
2025-12-03 11:39:04,439 - utils.risk_heatmap - INFO -   ✓ R003 (Mycket hög) - S:3, K:5 → Grid(4,2)
2025-12-03 11:39:04,440 - utils.risk_heatmap - INFO -   ✓ R006 (Mycket hög) - S:3, K:5 → Grid(4,2)
2025-12-03 11:39:04,440 - utils.risk_heatmap - INFO -   ✓ R008 (Mycket hög) - S:3, K:5 → Grid(4,2)
2025-12-03 11:39:04,441 - utils.risk_heatmap - INFO -   ✓ R001 (Hög) - S:3, K:4 → Grid(3,2)
2025-12-03 11:39:04,441 - utils.risk_heatmap - INFO -   ✓ R007 (Hög) - S:3, K:4 → Grid(3,2)
2025-12-03 11:39:04,442 - utils.risk_heatmap - INFO -   ✓ R031 (Hög) - S:3, K:4 → Grid(3,2)
2025-12-03 11:39:04,442 - utils.risk_heatmap - INFO -   ✓ R004 (Hög) - S:2, K:5 → Grid(4,3)
2025-12-03 11:39:04,442 - utils.risk_heatmap - INFO -   ✓ R012 (Hög) - S:2, K:5 → Grid(4,3)
2025-12-03 11:39:04,443 - utils.risk_heatmap - INFO -   ✓ R023 (Hög) - S:2, K:5 → Grid(4,3)
2025-12-03 11:39:04,443 - utils.risk_heatmap - INFO -   ... och 22 till
2025-12-03 11:39:04,956 - __main__ - INFO - Försöker generera_komplett_paket...
2025-12-03 11:39:04,956 - modules.rapport_generator - INFO - Genererar komplett rapportpaket...
2025-12-03 11:39:04,964 - __main__ - WARNING - generera_komplett_paket misslyckades: unsupported operand type(s) for /: 'str' and 'str'
2025-12-03 11:39:04,964 - __main__ - INFO - Letar efter Excel-fil i output-mappen...
2025-12-03 11:39:04,965 - __main__ - INFO - Skapar Excel med backup-generator...
2025-12-03 11:39:05,087 - utils.excel_backup_generator - INFO - Excel backup skapad: C:\Users\ÄGARE\Documents\Chas\neab_security_assessment\data\output\20251203_113903\NEAB_Sakerhetsanalys_20251203_113903.xlsx
2025-12-03 11:39:05,088 - __main__ - INFO - Backup Excel skapad: C:\Users\ÄGARE\Documents\Chas\neab_security_assessment\data\output\20251203_113903\NEAB_Sakerhetsanalys_20251203_113903.xlsx
2025-12-03 11:39:05,090 - __main__ - INFO - === DEBUG: Förbereder PDF-data ===
2025-12-03 11:39:05,090 - __main__ - INFO - Resultat nycklar: ['regulatorisk', 'risk', 'mitigering', 'api', 'heatmap_path']
2025-12-03 11:39:05,091 - __main__ - INFO - Regulatorisk nycklar: ['krav', 'statistik', 'sammanfattning', 'prioriterade_åtgärder', 'efterlevnad_procent']
2025-12-03 11:39:05,091 - __main__ - INFO - Risk nycklar: ['risker', 'riskmatris', 'sammanfattning', 'top_risker', 'tillgangar', 'riskfordelning']
2025-12-03 11:39:05,091 - __main__ - INFO - Mitigering nycklar: ['åtgärder', 'sammanfattning', 'budget_estimat', 'tidslinje']
2025-12-03 11:39:05,091 - __main__ - INFO - Antal krav: 9
2025-12-03 11:39:05,092 - __main__ - INFO - Exempel krav struktur: ['Regelverk', 'Artikel', 'Krav', 'Tillämpning', 'Status', 'Gap-analys', 'Föreslagen åtgärd', 'CIS Controls']
2025-12-03 11:39:05,092 - __main__ - INFO - Antal risker: 32
2025-12-03 11:39:05,092 - __main__ - INFO - Exempel risk struktur: ['Risk-ID', 'Tillgång / område', 'Hot', 'STRIDE', 'Sårbarhet', 'Konsekvens', 'CIA-påverkan', 'Konsekvensnivå', 'Sannolikhet', 'Riskvärde', 'Risknivå', 'Befintliga kontroller', 'Regelverk', 'Kommentar']
2025-12-03 11:39:05,092 - __main__ - INFO - Första risken: {'Risk-ID': 'R002', 'Tillgång / område': 'Identitets- och behörighetsplattform', 'Hot': 'Ransomware via kontors-IT', 'STRIDE': 'Denial of Service (Överbelastning)', 'Sårbarhet': 'Bristande zonindelning IT/OT, delade autentiseringstjänster', 'Konsekvens': 'Driftstopp, målvärde: RTO 2 h', 'CIA-påverkan': 'A', 'Konsekvensnivå': 5, 'Sannolikhet': 3, 'Riskvärde': 15, 'Risknivå': 'Mycket hög', 'Befintliga kontroller': 'Åtkomstkontroll (delvis MFA); Loggning till SIEM; Backup med RTO 2 h', 'Regelverk': 'NIS2 Art. 21', 'Kommentar': 'Krypterad data och system via phishing, risk för sidoförflyttning mot OT'}
2025-12-03 11:39:05,093 - __main__ - INFO - Top risk: Ransomware via kontors-IT (Identitets- och behörighetsplattform) - Mycket hög
2025-12-03 11:39:05,093 - __main__ - INFO - Top risk: Ransomware via kontors-IT (SCADA/DCS) - Mycket hög
2025-12-03 11:39:05,093 - __main__ - INFO - Top risk: Phishing / MFA-trötthet (Identitets- och behörighetsplattform) - Mycket hög
2025-12-03 11:39:05,094 - __main__ - INFO - Top risk: Phishing / MFA-trötthet (Driftcentral) - Mycket hög
2025-12-03 11:39:05,094 - __main__ - INFO - Top risk: Ransomware via kontors-IT (Kund- och faktureringssystem) - Hög
2025-12-03 11:39:05,094 - __main__ - INFO - Top risks slutresultat: ['Ransomware via kontors-IT (Identitets- och behörighetsplattform) - Mycket hög', 'Ransomware via kontors-IT (SCADA/DCS) - Mycket hög', 'Phishing / MFA-trötthet (Identitets- och behörighetsplattform) - Mycket hög', 'Phishing / MFA-trötthet (Driftcentral) - Mycket hög', 'Ransomware via kontors-IT (Kund- och faktureringssystem) - Hög']
2025-12-03 11:39:05,094 - __main__ - INFO - Regulatory gaps: 7
2025-12-03 11:39:05,094 - __main__ - INFO - Antal åtgärder: 15
2025-12-03 11:39:05,095 - __main__ - INFO - Exempel åtgärd: {'Åtgärds-ID': 'Å001', 'Risk-ID': 'R002', 'Beskrivning': 'Implementera Zero Trust-segmentering mellan IT och OT. Inför EDR på alla endpoints.', 'Strategi': 'Reducera', 'CIS Controls': 'CIS 4.1, CIS 4.2, CIS 10.1, CIS 13.2', 'Ansvarig roll': 'IT-chef / OT-säkerhetsansvarig', 'Planerat datum': '2026-06-01', 'Kostnad': 'H', 'Effekt': 'H', 'Status': 'Planerad', 'Kvarvarande risk': 'Medel', 'Implementation': 'Kartlägg alla dataflöden IT-OT; Upphandla EDR-lösning; Implementera mikrosegmentering; Testa återställning från backup'}
2025-12-03 11:39:05,095 - __main__ - INFO - Bearbetar åtgärd 1: ['Åtgärds-ID', 'Risk-ID', 'Beskrivning', 'Strategi', 'CIS Controls', 'Ansvarig roll', 'Planerat datum', 'Kostnad', 'Effekt', 'Status', 'Kvarvarande risk', 'Implementation']
2025-12-03 11:39:05,095 - __main__ - INFO - Åtgärd 1 tillagd: Implementera Zero Trust-segmentering mellan IT och OT. Inför EDR på alla endpoin...
2025-12-03 11:39:05,095 - __main__ - INFO - Bearbetar åtgärd 2: ['Åtgärds-ID', 'Risk-ID', 'Beskrivning', 'Strategi', 'CIS Controls', 'Ansvarig roll', 'Planerat datum', 'Kostnad', 'Effekt', 'Status', 'Kvarvarande risk', 'Implementation']
2025-12-03 11:39:05,096 - __main__ - INFO - Åtgärd 2 är duplikat, skippar
2025-12-03 11:39:05,096 - __main__ - INFO - Bearbetar åtgärd 3: ['Åtgärds-ID', 'Risk-ID', 'Beskrivning', 'Strategi', 'CIS Controls', 'Ansvarig roll', 'Planerat datum', 'Kostnad', 'Effekt', 'Status', 'Kvarvarande risk', 'Implementation']
2025-12-03 11:39:05,096 - __main__ - INFO - Åtgärd 2 tillagd: Komplettera MFA-införande till 100%. Genomför obligatorisk phishing-utbildning k...
2025-12-03 11:39:05,096 - __main__ - INFO - Bearbetar åtgärd 4: ['Åtgärds-ID', 'Risk-ID', 'Beskrivning', 'Strategi', 'CIS Controls', 'Ansvarig roll', 'Planerat datum', 'Kostnad', 'Effekt', 'Status', 'Kvarvarande risk', 'Implementation']
2025-12-03 11:39:05,096 - __main__ - INFO - Åtgärd 4 är duplikat, skippar
2025-12-03 11:39:05,097 - __main__ - INFO - Bearbetar åtgärd 5: ['Åtgärds-ID', 'Risk-ID', 'Beskrivning', 'Strategi', 'CIS Controls', 'Ansvarig roll', 'Planerat datum', 'Kostnad', 'Effekt', 'Status', 'Kvarvarande risk', 'Implementation']
2025-12-03 11:39:05,097 - __main__ - INFO - Åtgärd 5 är duplikat, skippar
2025-12-03 11:39:05,097 - __main__ - INFO - Bearbetar åtgärd 6: ['Åtgärds-ID', 'Risk-ID', 'Beskrivning', 'Strategi', 'CIS Controls', 'Ansvarig roll', 'Planerat datum', 'Kostnad', 'Effekt', 'Status', 'Kvarvarande risk', 'Implementation']
2025-12-03 11:39:05,097 - __main__ - INFO - Åtgärd 6 är duplikat, skippar
2025-12-03 11:39:05,097 - __main__ - INFO - Bearbetar åtgärd 7: ['Åtgärds-ID', 'Risk-ID', 'Beskrivning', 'Strategi', 'CIS Controls', 'Ansvarig roll', 'Planerat datum', 'Kostnad', 'Effekt', 'Status', 'Kvarvarande risk', 'Implementation']
2025-12-03 11:39:05,097 - __main__ - INFO - Åtgärd 3 tillagd: Åtgärda identifierad risk: Bristande efterlevnad av GDPR Art. 35...
2025-12-03 11:39:05,098 - __main__ - INFO - Bearbetar åtgärd 8: ['Åtgärds-ID', 'Risk-ID', 'Beskrivning', 'Strategi', 'CIS Controls', 'Ansvarig roll', 'Planerat datum', 'Kostnad', 'Effekt', 'Status', 'Kvarvarande risk', 'Implementation']
2025-12-03 11:39:05,098 - __main__ - INFO - Åtgärd 4 tillagd: Inför PAM (Privileged Access Management) för all leverantörsåtkomst med MFA och ...
2025-12-03 11:39:05,099 - __main__ - INFO - Bearbetar åtgärd 9: ['Åtgärds-ID', 'Risk-ID', 'Beskrivning', 'Strategi', 'CIS Controls', 'Ansvarig roll', 'Planerat datum', 'Kostnad', 'Effekt', 'Status', 'Kvarvarande risk', 'Implementation']
2025-12-03 11:39:05,099 - __main__ - INFO - Åtgärd 5 tillagd: Implementera API-säkerhetslösning med rate limiting, token rotation och logging...
2025-12-03 11:39:05,099 - __main__ - INFO - Priority actions: ['Implementera Zero Trust-segmentering mellan IT och OT. Inför EDR på alla endpoints.', 'Komplettera MFA-införande till 100%. Genomför obligatorisk phishing-utbildning kvartalsvis.', 'Åtgärda identifierad risk: Bristande efterlevnad av GDPR Art. 35', 'Inför PAM (Privileged Access Management) för all leverantörsåtkomst med MFA och tidsbegränsning', 'Implementera API-säkerhetslösning med rate limiting, token rotation och logging']
2025-12-03 11:39:05,099 - __main__ - INFO - Riskfördelning visar alla som 'Okänd', räknar om från risker...
2025-12-03 11:39:05,100 - __main__ - INFO - Ny riskfördelning: {'Mycket hög': 4, 'Hög': 7, 'Medel': 20, 'Låg': 1}
2025-12-03 11:39:05,100 - __main__ - INFO - Risk distribution: {'Mycket hög': 4, 'Hög': 7, 'Medel': 20, 'Låg': 1}
2025-12-03 11:39:05,100 - __main__ - INFO - === PDF data sammanfattning ===
2025-12-03 11:39:05,100 - __main__ - INFO - Compliance: 22.22222222222222%
2025-12-03 11:39:05,101 - __main__ - INFO - Mycket höga risker: 4
2025-12-03 11:39:05,101 - __main__ - INFO - Top risks antal: 5
2025-12-03 11:39:05,102 - __main__ - INFO - Priority actions antal: 5
2025-12-15 14:18:54,651 - modules.regulatorisk_modul - INFO - Regulatorisk modul initierad
2025-12-15 14:18:54,651 - modules.risk_workshop_modul - INFO - Risk Workshop-modul initierad
2025-12-15 14:18:54,651 - modules.api_sakerhet_modul - INFO - API-säkerhetsmodul initierad
2025-12-15 14:18:54,652 - modules.rapport_generator - INFO - RapportGenerator initierad - Output: C:\Users\ÄGARE\Documents\Chas\NEAB\neab_security_assessment\data\output\20251215_141853
2025-12-15 14:18:54,653 - __main__ - INFO - Tillgängliga metoder i RegulatoriskAnalys: cer_krav, config, dora_krav, gdpr_krav, kartlägg_krav, nationella_krav, nis2_krav, organisation
2025-12-15 14:18:54,653 - modules.regulatorisk_modul - INFO - Startar regulatorisk kartläggning...
2025-12-15 14:18:54,654 - modules.regulatorisk_modul - INFO - Kartläggning klar: 9 krav analyserade
2025-12-15 14:18:54,656 - modules.risk_workshop_modul - INFO - Startar riskworkshop...
2025-12-15 14:18:54,657 - modules.risk_workshop_modul - INFO - Workshop klar: 32 risker identifierade
2025-12-15 14:18:54,657 - modules.risk_workshop_modul - INFO - Genererar åtgärdsplan...
2025-12-15 14:18:54,658 - modules.risk_workshop_modul - INFO - Åtgärdsplan klar: 15 åtgärder
2025-12-15 14:18:54,659 - modules.api_sakerhet_modul - INFO - Startar API-säkerhetsanalys...
2025-12-15 14:18:54,660 - modules.api_sakerhet_modul - INFO - API-analys klar: 4 scenarios analyserade
2025-12-15 14:18:56,051 - __main__ - INFO - Antal risker för heat map: 32
2025-12-15 14:18:56,052 - __main__ - INFO - Skapar heat map: C:\Users\ÄGARE\Documents\Chas\NEAB\neab_security_assessment\data\output\20251215_141853\NEAB_Risk_Heatmap_20251215_141853.png
2025-12-15 14:18:57,623 - utils.risk_heatmap - INFO - === HEAT MAP DEBUG: Börjar plotta 32 risker ===
2025-12-15 14:18:57,711 - utils.risk_heatmap - INFO - === HEAT MAP SAMMANFATTNING ===
2025-12-15 14:18:57,712 - utils.risk_heatmap - INFO - Plottade 32 risker:
2025-12-15 14:18:57,712 - utils.risk_heatmap - INFO -   ✓ R002 (Mycket hög) - S:3, K:5 → Grid(4,2)
2025-12-15 14:18:57,713 - utils.risk_heatmap - INFO -   ✓ R003 (Mycket hög) - S:3, K:5 → Grid(4,2)
2025-12-15 14:18:57,714 - utils.risk_heatmap - INFO -   ✓ R006 (Mycket hög) - S:3, K:5 → Grid(4,2)
2025-12-15 14:18:57,714 - utils.risk_heatmap - INFO -   ✓ R008 (Mycket hög) - S:3, K:5 → Grid(4,2)
2025-12-15 14:18:57,715 - utils.risk_heatmap - INFO -   ✓ R001 (Hög) - S:3, K:4 → Grid(3,2)
2025-12-15 14:18:57,715 - utils.risk_heatmap - INFO -   ✓ R007 (Hög) - S:3, K:4 → Grid(3,2)
2025-12-15 14:18:57,715 - utils.risk_heatmap - INFO -   ✓ R031 (Hög) - S:3, K:4 → Grid(3,2)
2025-12-15 14:18:57,716 - utils.risk_heatmap - INFO -   ✓ R004 (Hög) - S:2, K:5 → Grid(4,3)
2025-12-15 14:18:57,716 - utils.risk_heatmap - INFO -   ✓ R012 (Hög) - S:2, K:5 → Grid(4,3)
2025-12-15 14:18:57,716 - utils.risk_heatmap - INFO -   ✓ R023 (Hög) - S:2, K:5 → Grid(4,3)
2025-12-15 14:18:57,717 - utils.risk_heatmap - INFO -   ... och 22 till
2025-12-15 14:18:58,265 - __main__ - INFO - Försöker generera_komplett_paket...
2025-12-15 14:18:58,265 - modules.rapport_generator - INFO - Genererar komplett rapportpaket...
2025-12-15 14:18:58,273 - __main__ - WARNING - generera_komplett_paket misslyckades: unsupported operand type(s) for /: 'str' and 'str'
2025-12-15 14:18:58,273 - __main__ - INFO - Letar efter Excel-fil i output-mappen...
2025-12-15 14:18:58,274 - __main__ - INFO - Skapar Excel med backup-generator...
2025-12-15 14:18:58,437 - utils.excel_backup_generator - INFO - Excel backup skapad: C:\Users\ÄGARE\Documents\Chas\NEAB\neab_security_assessment\data\output\20251215_141853\NEAB_Sakerhetsanalys_20251215_141853.xlsx
2025-12-15 14:18:58,437 - __main__ - INFO - Backup Excel skapad: C:\Users\ÄGARE\Documents\Chas\NEAB\neab_security_assessment\data\output\20251215_141853\NEAB_Sakerhetsanalys_20251215_141853.xlsx
2025-12-15 14:18:58,439 - __main__ - INFO - === DEBUG: Förbereder PDF-data ===
2025-12-15 14:18:58,439 - __main__ - INFO - Resultat nycklar: ['regulatorisk', 'risk', 'mitigering', 'api', 'heatmap_path']
2025-12-15 14:18:58,440 - __main__ - INFO - Regulatorisk nycklar: ['krav', 'statistik', 'sammanfattning', 'prioriterade_åtgärder', 'efterlevnad_procent']
2025-12-15 14:18:58,440 - __main__ - INFO - Risk nycklar: ['risker', 'riskmatris', 'sammanfattning', 'top_risker', 'tillgangar', 'riskfordelning']
2025-12-15 14:18:58,440 - __main__ - INFO - Mitigering nycklar: ['åtgärder', 'sammanfattning', 'budget_estimat', 'tidslinje']
2025-12-15 14:18:58,441 - __main__ - INFO - Antal krav: 9
2025-12-15 14:18:58,441 - __main__ - INFO - Exempel krav struktur: ['Regelverk', 'Artikel', 'Krav', 'Tillämpning', 'Status', 'Gap-analys', 'Föreslagen åtgärd', 'CIS Controls']
2025-12-15 14:18:58,442 - __main__ - INFO - Antal risker: 32
2025-12-15 14:18:58,442 - __main__ - INFO - Exempel risk struktur: ['Risk-ID', 'Tillgång / område', 'Hot', 'STRIDE', 'Sårbarhet', 'Konsekvens', 'CIA-påverkan', 'Konsekvensnivå', 'Sannolikhet', 'Riskvärde', 'Risknivå', 'Befintliga kontroller', 'Regelverk', 'Kommentar']
2025-12-15 14:18:58,442 - __main__ - INFO - Första risken: {'Risk-ID': 'R002', 'Tillgång / område': 'Identitets- och behörighetsplattform', 'Hot': 'Ransomware via kontors-IT', 'STRIDE': 'Denial of Service (Överbelastning)', 'Sårbarhet': 'Bristande zonindelning IT/OT, delade autentiseringstjänster', 'Konsekvens': 'Driftstopp, målvärde: RTO 2 h', 'CIA-påverkan': 'A', 'Konsekvensnivå': 5, 'Sannolikhet': 3, 'Riskvärde': 15, 'Risknivå': 'Mycket hög', 'Befintliga kontroller': 'Åtkomstkontroll (delvis MFA); Loggning till SIEM; Backup med RTO 2 h', 'Regelverk': 'NIS2 Art. 21', 'Kommentar': 'Krypterad data och system via phishing, risk för sidoförflyttning mot OT'}
2025-12-15 14:18:58,443 - __main__ - INFO - Top risk: Ransomware via kontors-IT (Identitets- och behörighetsplattform) - Mycket hög
2025-12-15 14:18:58,443 - __main__ - INFO - Top risk: Ransomware via kontors-IT (SCADA/DCS) - Mycket hög
2025-12-15 14:18:58,443 - __main__ - INFO - Top risk: Phishing / MFA-trötthet (Identitets- och behörighetsplattform) - Mycket hög
2025-12-15 14:18:58,444 - __main__ - INFO - Top risk: Phishing / MFA-trötthet (Driftcentral) - Mycket hög
2025-12-15 14:18:58,444 - __main__ - INFO - Top risk: Ransomware via kontors-IT (Kund- och faktureringssystem) - Hög
2025-12-15 14:18:58,444 - __main__ - INFO - Top risks slutresultat: ['Ransomware via kontors-IT (Identitets- och behörighetsplattform) - Mycket hög', 'Ransomware via kontors-IT (SCADA/DCS) - Mycket hög', 'Phishing / MFA-trötthet (Identitets- och behörighetsplattform) - Mycket hög', 'Phishing / MFA-trötthet (Driftcentral) - Mycket hög', 'Ransomware via kontors-IT (Kund- och faktureringssystem) - Hög']
2025-12-15 14:18:58,445 - __main__ - INFO - Regulatory gaps: 7
2025-12-15 14:18:58,445 - __main__ - INFO - Antal åtgärder: 15
2025-12-15 14:18:58,445 - __main__ - INFO - Exempel åtgärd: {'Åtgärds-ID': 'Å001', 'Risk-ID': 'R002', 'Beskrivning': 'Implementera Zero Trust-segmentering mellan IT och OT. Inför EDR på alla endpoints.', 'Strategi': 'Reducera', 'CIS Controls': 'CIS 4.1, CIS 4.2, CIS 10.1, CIS 13.2', 'Ansvarig roll': 'IT-chef / OT-säkerhetsansvarig', 'Planerat datum': '2026-06-13', 'Kostnad': 'H', 'Effekt': 'H', 'Status': 'Planerad', 'Kvarvarande risk': 'Medel', 'Implementation': 'Kartlägg alla dataflöden IT-OT; Upphandla EDR-lösning; Implementera mikrosegmentering; Testa återställning från backup'}
2025-12-15 14:18:58,446 - __main__ - INFO - Bearbetar åtgärd 1: ['Åtgärds-ID', 'Risk-ID', 'Beskrivning', 'Strategi', 'CIS Controls', 'Ansvarig roll', 'Planerat datum', 'Kostnad', 'Effekt', 'Status', 'Kvarvarande risk', 'Implementation']
2025-12-15 14:18:58,446 - __main__ - INFO - Åtgärd 1 tillagd: Implementera Zero Trust-segmentering mellan IT och OT. Inför EDR på alla endpoin...
2025-12-15 14:18:58,446 - __main__ - INFO - Bearbetar åtgärd 2: ['Åtgärds-ID', 'Risk-ID', 'Beskrivning', 'Strategi', 'CIS Controls', 'Ansvarig roll', 'Planerat datum', 'Kostnad', 'Effekt', 'Status', 'Kvarvarande risk', 'Implementation']
2025-12-15 14:18:58,446 - __main__ - INFO - Åtgärd 2 är duplikat, skippar
2025-12-15 14:18:58,446 - __main__ - INFO - Bearbetar åtgärd 3: ['Åtgärds-ID', 'Risk-ID', 'Beskrivning', 'Strategi', 'CIS Controls', 'Ansvarig roll', 'Planerat datum', 'Kostnad', 'Effekt', 'Status', 'Kvarvarande risk', 'Implementation']
2025-12-15 14:18:58,447 - __main__ - INFO - Åtgärd 2 tillagd: Komplettera MFA-införande till 100%. Genomför obligatorisk phishing-utbildning k...
2025-12-15 14:18:58,447 - __main__ - INFO - Bearbetar åtgärd 4: ['Åtgärds-ID', 'Risk-ID', 'Beskrivning', 'Strategi', 'CIS Controls', 'Ansvarig roll', 'Planerat datum', 'Kostnad', 'Effekt', 'Status', 'Kvarvarande risk', 'Implementation']
2025-12-15 14:18:58,448 - __main__ - INFO - Åtgärd 4 är duplikat, skippar
2025-12-15 14:18:58,448 - __main__ - INFO - Bearbetar åtgärd 5: ['Åtgärds-ID', 'Risk-ID', 'Beskrivning', 'Strategi', 'CIS Controls', 'Ansvarig roll', 'Planerat datum', 'Kostnad', 'Effekt', 'Status', 'Kvarvarande risk', 'Implementation']
2025-12-15 14:18:58,448 - __main__ - INFO - Åtgärd 5 är duplikat, skippar
2025-12-15 14:18:58,449 - __main__ - INFO - Bearbetar åtgärd 6: ['Åtgärds-ID', 'Risk-ID', 'Beskrivning', 'Strategi', 'CIS Controls', 'Ansvarig roll', 'Planerat datum', 'Kostnad', 'Effekt', 'Status', 'Kvarvarande risk', 'Implementation']
2025-12-15 14:18:58,449 - __main__ - INFO - Åtgärd 6 är duplikat, skippar
2025-12-15 14:18:58,450 - __main__ - INFO - Bearbetar åtgärd 7: ['Åtgärds-ID', 'Risk-ID', 'Beskrivning', 'Strategi', 'CIS Controls', 'Ansvarig roll', 'Planerat datum', 'Kostnad', 'Effekt', 'Status', 'Kvarvarande risk', 'Implementation']
2025-12-15 14:18:58,450 - __main__ - INFO - Åtgärd 3 tillagd: Åtgärda identifierad risk: Bristande efterlevnad av GDPR Art. 35...
2025-12-15 14:18:58,450 - __main__ - INFO - Bearbetar åtgärd 8: ['Åtgärds-ID', 'Risk-ID', 'Beskrivning', 'Strategi', 'CIS Controls', 'Ansvarig roll', 'Planerat datum', 'Kostnad', 'Effekt', 'Status', 'Kvarvarande risk', 'Implementation']
2025-12-15 14:18:58,450 - __main__ - INFO - Åtgärd 4 tillagd: Inför PAM (Privileged Access Management) för all leverantörsåtkomst med MFA och ...
2025-12-15 14:18:58,451 - __main__ - INFO - Bearbetar åtgärd 9: ['Åtgärds-ID', 'Risk-ID', 'Beskrivning', 'Strategi', 'CIS Controls', 'Ansvarig roll', 'Planerat datum', 'Kostnad', 'Effekt', 'Status', 'Kvarvarande risk', 'Implementation']
2025-12-15 14:18:58,451 - __main__ - INFO - Åtgärd 5 tillagd: Implementera API-säkerhetslösning med rate limiting, token rotation och logging...
2025-12-15 14:18:58,451 - __main__ - INFO - Priority actions: ['Implementera Zero Trust-segmentering mellan IT och OT. Inför EDR på alla endpoints.', 'Komplettera MFA-införande till 100%. Genomför obligatorisk phishing-utbildning kvartalsvis.', 'Åtgärda identifierad risk: Bristande efterlevnad av GDPR Art. 35', 'Inför PAM (Privileged Access Management) för all leverantörsåtkomst med MFA och tidsbegränsning', 'Implementera API-säkerhetslösning med rate limiting, token rotation och logging']
2025-12-15 14:18:58,452 - __main__ - INFO - Riskfördelning visar alla som 'Okänd', räknar om från risker...
2025-12-15 14:18:58,452 - __main__ - INFO - Ny riskfördelning: {'Mycket hög': 4, 'Hög': 7, 'Medel': 20, 'Låg': 1}
2025-12-15 14:18:58,452 - __main__ - INFO - Risk distribution: {'Mycket hög': 4, 'Hög': 7, 'Medel': 20, 'Låg': 1}
2025-12-15 14:18:58,452 - __main__ - INFO - === PDF data sammanfattning ===
2025-12-15 14:18:58,453 - __main__ - INFO - Compliance: 22.22222222222222%
2025-12-15 14:18:58,453 - __main__ - INFO - Mycket höga risker: 4
2025-12-15 14:18:58,453 - __main__ - INFO - Top risks antal: 5
2025-12-15 14:18:58,453 - __main__ - INFO - Priority actions antal: 5
2025-12-15 14:21:34,421 - modules.regulatorisk_modul - INFO - Regulatorisk modul initierad
2025-12-15 14:21:34,422 - modules.risk_workshop_modul - INFO - Risk Workshop-modul initierad
2025-12-15 14:21:34,422 - modules.api_sakerhet_modul - INFO - API-säkerhetsmodul initierad
2025-12-15 14:21:34,423 - modules.rapport_generator - INFO - RapportGenerator initierad - Output: C:\Users\ÄGARE\Documents\Chas\NEAB\neab_security_assessment\data\output\20251215_142133
2025-12-15 14:21:34,425 - __main__ - INFO - Tillgängliga metoder i RegulatoriskAnalys: cer_krav, config, dora_krav, gdpr_krav, kartlägg_krav, nationella_krav, nis2_krav, organisation
2025-12-15 14:21:34,425 - modules.regulatorisk_modul - INFO - Startar regulatorisk kartläggning...
2025-12-15 14:21:34,426 - modules.regulatorisk_modul - INFO - Kartläggning klar: 9 krav analyserade
2025-12-15 14:21:34,426 - modules.risk_workshop_modul - INFO - Startar riskworkshop...
2025-12-15 14:21:34,427 - modules.risk_workshop_modul - INFO - Workshop klar: 32 risker identifierade
2025-12-15 14:21:34,428 - modules.risk_workshop_modul - INFO - Genererar åtgärdsplan...
2025-12-15 14:21:34,429 - modules.risk_workshop_modul - INFO - Åtgärdsplan klar: 15 åtgärder
2025-12-15 14:21:34,430 - modules.api_sakerhet_modul - INFO - Startar API-säkerhetsanalys...
2025-12-15 14:21:34,430 - modules.api_sakerhet_modul - INFO - API-analys klar: 4 scenarios analyserade
2025-12-15 14:21:34,929 - __main__ - INFO - Antal risker för heat map: 32
2025-12-15 14:21:34,930 - __main__ - INFO - Skapar heat map: C:\Users\ÄGARE\Documents\Chas\NEAB\neab_security_assessment\data\output\20251215_142133\NEAB_Risk_Heatmap_20251215_142133.png
2025-12-15 14:21:35,249 - utils.risk_heatmap - INFO - === HEAT MAP DEBUG: Börjar plotta 32 risker ===
2025-12-15 14:21:35,354 - utils.risk_heatmap - INFO - === HEAT MAP SAMMANFATTNING ===
2025-12-15 14:21:35,355 - utils.risk_heatmap - INFO - Plottade 32 risker:
2025-12-15 14:21:35,355 - utils.risk_heatmap - INFO -   ✓ R002 (Mycket hög) - S:3, K:5 → Grid(4,2)
2025-12-15 14:21:35,356 - utils.risk_heatmap - INFO -   ✓ R003 (Mycket hög) - S:3, K:5 → Grid(4,2)
2025-12-15 14:21:35,356 - utils.risk_heatmap - INFO -   ✓ R006 (Mycket hög) - S:3, K:5 → Grid(4,2)
2025-12-15 14:21:35,357 - utils.risk_heatmap - INFO -   ✓ R008 (Mycket hög) - S:3, K:5 → Grid(4,2)
2025-12-15 14:21:35,358 - utils.risk_heatmap - INFO -   ✓ R001 (Hög) - S:3, K:4 → Grid(3,2)
2025-12-15 14:21:35,358 - utils.risk_heatmap - INFO -   ✓ R007 (Hög) - S:3, K:4 → Grid(3,2)
2025-12-15 14:21:35,359 - utils.risk_heatmap - INFO -   ✓ R031 (Hög) - S:3, K:4 → Grid(3,2)
2025-12-15 14:21:35,359 - utils.risk_heatmap - INFO -   ✓ R004 (Hög) - S:2, K:5 → Grid(4,3)
2025-12-15 14:21:35,360 - utils.risk_heatmap - INFO -   ✓ R012 (Hög) - S:2, K:5 → Grid(4,3)
2025-12-15 14:21:35,360 - utils.risk_heatmap - INFO -   ✓ R023 (Hög) - S:2, K:5 → Grid(4,3)
2025-12-15 14:21:35,361 - utils.risk_heatmap - INFO -   ... och 22 till
2025-12-15 14:21:35,849 - __main__ - INFO - Försöker generera_komplett_paket...
2025-12-15 14:21:35,850 - modules.rapport_generator - INFO - Genererar komplett rapportpaket...
2025-12-15 14:21:35,857 - __main__ - WARNING - generera_komplett_paket misslyckades: unsupported operand type(s) for /: 'str' and 'str'
2025-12-15 14:21:35,857 - __main__ - INFO - Letar efter Excel-fil i output-mappen...
2025-12-15 14:21:35,859 - __main__ - INFO - Skapar Excel med backup-generator...
2025-12-15 14:21:35,980 - utils.excel_backup_generator - INFO - Excel backup skapad: C:\Users\ÄGARE\Documents\Chas\NEAB\neab_security_assessment\data\output\20251215_142133\NEAB_Sakerhetsanalys_20251215_142133.xlsx
2025-12-15 14:21:35,981 - __main__ - INFO - Backup Excel skapad: C:\Users\ÄGARE\Documents\Chas\NEAB\neab_security_assessment\data\output\20251215_142133\NEAB_Sakerhetsanalys_20251215_142133.xlsx
2025-12-15 14:21:35,983 - __main__ - INFO - === DEBUG: Förbereder PDF-data ===
2025-12-15 14:21:35,983 - __main__ - INFO - Resultat nycklar: ['regulatorisk', 'risk', 'mitigering', 'api', 'heatmap_path']
2025-12-15 14:21:35,984 - __main__ - INFO - Regulatorisk nycklar: ['krav', 'statistik', 'sammanfattning', 'prioriterade_åtgärder', 'efterlevnad_procent']
2025-12-15 14:21:35,984 - __main__ - INFO - Risk nycklar: ['risker', 'riskmatris', 'sammanfattning', 'top_risker', 'tillgangar', 'riskfordelning']
2025-12-15 14:21:35,984 - __main__ - INFO - Mitigering nycklar: ['åtgärder', 'sammanfattning', 'budget_estimat', 'tidslinje']
2025-12-15 14:21:35,984 - __main__ - INFO - Antal krav: 9
2025-12-15 14:21:35,984 - __main__ - INFO - Exempel krav struktur: ['Regelverk', 'Artikel', 'Krav', 'Tillämpning', 'Status', 'Gap-analys', 'Föreslagen åtgärd', 'CIS Controls']
2025-12-15 14:21:35,985 - __main__ - INFO - Antal risker: 32
2025-12-15 14:21:35,985 - __main__ - INFO - Exempel risk struktur: ['Risk-ID', 'Tillgång / område', 'Hot', 'STRIDE', 'Sårbarhet', 'Konsekvens', 'CIA-påverkan', 'Konsekvensnivå', 'Sannolikhet', 'Riskvärde', 'Risknivå', 'Befintliga kontroller', 'Regelverk', 'Kommentar']
2025-12-15 14:21:35,985 - __main__ - INFO - Första risken: {'Risk-ID': 'R002', 'Tillgång / område': 'Identitets- och behörighetsplattform', 'Hot': 'Ransomware via kontors-IT', 'STRIDE': 'Denial of Service (Överbelastning)', 'Sårbarhet': 'Bristande zonindelning IT/OT, delade autentiseringstjänster', 'Konsekvens': 'Driftstopp, målvärde: RTO 2 h', 'CIA-påverkan': 'A', 'Konsekvensnivå': 5, 'Sannolikhet': 3, 'Riskvärde': 15, 'Risknivå': 'Mycket hög', 'Befintliga kontroller': 'Åtkomstkontroll (delvis MFA); Loggning till SIEM; Backup med RTO 2 h', 'Regelverk': 'NIS2 Art. 21', 'Kommentar': 'Krypterad data och system via phishing, risk för sidoförflyttning mot OT'}
2025-12-15 14:21:35,985 - __main__ - INFO - Top risk: Ransomware via kontors-IT (Identitets- och behörighetsplattform) - Mycket hög
2025-12-15 14:21:35,986 - __main__ - INFO - Top risk: Ransomware via kontors-IT (SCADA/DCS) - Mycket hög
2025-12-15 14:21:35,986 - __main__ - INFO - Top risk: Phishing / MFA-trötthet (Identitets- och behörighetsplattform) - Mycket hög
2025-12-15 14:21:35,986 - __main__ - INFO - Top risk: Phishing / MFA-trötthet (Driftcentral) - Mycket hög
2025-12-15 14:21:35,986 - __main__ - INFO - Top risk: Ransomware via kontors-IT (Kund- och faktureringssystem) - Hög
2025-12-15 14:21:35,986 - __main__ - INFO - Top risks slutresultat: ['Ransomware via kontors-IT (Identitets- och behörighetsplattform) - Mycket hög', 'Ransomware via kontors-IT (SCADA/DCS) - Mycket hög', 'Phishing / MFA-trötthet (Identitets- och behörighetsplattform) - Mycket hög', 'Phishing / MFA-trötthet (Driftcentral) - Mycket hög', 'Ransomware via kontors-IT (Kund- och faktureringssystem) - Hög']
2025-12-15 14:21:35,987 - __main__ - INFO - Regulatory gaps: 7
2025-12-15 14:21:35,987 - __main__ - INFO - Antal åtgärder: 15
2025-12-15 14:21:35,987 - __main__ - INFO - Exempel åtgärd: {'Åtgärds-ID': 'Å001', 'Risk-ID': 'R002', 'Beskrivning': 'Implementera Zero Trust-segmentering mellan IT och OT. Inför EDR på alla endpoints.', 'Strategi': 'Reducera', 'CIS Controls': 'CIS 4.1, CIS 4.2, CIS 10.1, CIS 13.2', 'Ansvarig roll': 'IT-chef / OT-säkerhetsansvarig', 'Planerat datum': '2026-06-13', 'Kostnad': 'H', 'Effekt': 'H', 'Status': 'Planerad', 'Kvarvarande risk': 'Medel', 'Implementation': 'Kartlägg alla dataflöden IT-OT; Upphandla EDR-lösning; Implementera mikrosegmentering; Testa återställning från backup'}
2025-12-15 14:21:35,987 - __main__ - INFO - Bearbetar åtgärd 1: ['Åtgärds-ID', 'Risk-ID', 'Beskrivning', 'Strategi', 'CIS Controls', 'Ansvarig roll', 'Planerat datum', 'Kostnad', 'Effekt', 'Status', 'Kvarvarande risk', 'Implementation']
2025-12-15 14:21:35,988 - __main__ - INFO - Åtgärd 1 tillagd: Implementera Zero Trust-segmentering mellan IT och OT. Inför EDR på alla endpoin...
2025-12-15 14:21:35,988 - __main__ - INFO - Bearbetar åtgärd 2: ['Åtgärds-ID', 'Risk-ID', 'Beskrivning', 'Strategi', 'CIS Controls', 'Ansvarig roll', 'Planerat datum', 'Kostnad', 'Effekt', 'Status', 'Kvarvarande risk', 'Implementation']
2025-12-15 14:21:35,989 - __main__ - INFO - Åtgärd 2 är duplikat, skippar
2025-12-15 14:21:35,989 - __main__ - INFO - Bearbetar åtgärd 3: ['Åtgärds-ID', 'Risk-ID', 'Beskrivning', 'Strategi', 'CIS Controls', 'Ansvarig roll', 'Planerat datum', 'Kostnad', 'Effekt', 'Status', 'Kvarvarande risk', 'Implementation']
2025-12-15 14:21:35,990 - __main__ - INFO - Åtgärd 2 tillagd: Komplettera MFA-införande till 100%. Genomför obligatorisk phishing-utbildning k...
2025-12-15 14:21:35,990 - __main__ - INFO - Bearbetar åtgärd 4: ['Åtgärds-ID', 'Risk-ID', 'Beskrivning', 'Strategi', 'CIS Controls', 'Ansvarig roll', 'Planerat datum', 'Kostnad', 'Effekt', 'Status', 'Kvarvarande risk', 'Implementation']
2025-12-15 14:21:35,991 - __main__ - INFO - Åtgärd 4 är duplikat, skippar
2025-12-15 14:21:35,992 - __main__ - INFO - Bearbetar åtgärd 5: ['Åtgärds-ID', 'Risk-ID', 'Beskrivning', 'Strategi', 'CIS Controls', 'Ansvarig roll', 'Planerat datum', 'Kostnad', 'Effekt', 'Status', 'Kvarvarande risk', 'Implementation']
2025-12-15 14:21:35,992 - __main__ - INFO - Åtgärd 5 är duplikat, skippar
2025-12-15 14:21:35,992 - __main__ - INFO - Bearbetar åtgärd 6: ['Åtgärds-ID', 'Risk-ID', 'Beskrivning', 'Strategi', 'CIS Controls', 'Ansvarig roll', 'Planerat datum', 'Kostnad', 'Effekt', 'Status', 'Kvarvarande risk', 'Implementation']
2025-12-15 14:21:35,993 - __main__ - INFO - Åtgärd 6 är duplikat, skippar
2025-12-15 14:21:35,993 - __main__ - INFO - Bearbetar åtgärd 7: ['Åtgärds-ID', 'Risk-ID', 'Beskrivning', 'Strategi', 'CIS Controls', 'Ansvarig roll', 'Planerat datum', 'Kostnad', 'Effekt', 'Status', 'Kvarvarande risk', 'Implementation']
2025-12-15 14:21:35,993 - __main__ - INFO - Åtgärd 3 tillagd: Åtgärda identifierad risk: Bristande efterlevnad av GDPR Art. 35...
2025-12-15 14:21:35,994 - __main__ - INFO - Bearbetar åtgärd 8: ['Åtgärds-ID', 'Risk-ID', 'Beskrivning', 'Strategi', 'CIS Controls', 'Ansvarig roll', 'Planerat datum', 'Kostnad', 'Effekt', 'Status', 'Kvarvarande risk', 'Implementation']
2025-12-15 14:21:35,994 - __main__ - INFO - Åtgärd 4 tillagd: Inför PAM (Privileged Access Management) för all leverantörsåtkomst med MFA och ...
2025-12-15 14:21:35,994 - __main__ - INFO - Bearbetar åtgärd 9: ['Åtgärds-ID', 'Risk-ID', 'Beskrivning', 'Strategi', 'CIS Controls', 'Ansvarig roll', 'Planerat datum', 'Kostnad', 'Effekt', 'Status', 'Kvarvarande risk', 'Implementation']
2025-12-15 14:21:35,994 - __main__ - INFO - Åtgärd 5 tillagd: Implementera API-säkerhetslösning med rate limiting, token rotation och logging...
2025-12-15 14:21:35,994 - __main__ - INFO - Priority actions: ['Implementera Zero Trust-segmentering mellan IT och OT. Inför EDR på alla endpoints.', 'Komplettera MFA-införande till 100%. Genomför obligatorisk phishing-utbildning kvartalsvis.', 'Åtgärda identifierad risk: Bristande efterlevnad av GDPR Art. 35', 'Inför PAM (Privileged Access Management) för all leverantörsåtkomst med MFA och tidsbegränsning', 'Implementera API-säkerhetslösning med rate limiting, token rotation och logging']
2025-12-15 14:21:35,995 - __main__ - INFO - Riskfördelning visar alla som 'Okänd', räknar om från risker...
2025-12-15 14:21:35,995 - __main__ - INFO - Ny riskfördelning: {'Mycket hög': 4, 'Hög': 7, 'Medel': 20, 'Låg': 1}
2025-12-15 14:21:35,995 - __main__ - INFO - Risk distribution: {'Mycket hög': 4, 'Hög': 7, 'Medel': 20, 'Låg': 1}
2025-12-15 14:21:35,995 - __main__ - INFO - === PDF data sammanfattning ===
2025-12-15 14:21:35,996 - __main__ - INFO - Compliance: 22.22222222222222%
2025-12-15 14:21:35,996 - __main__ - INFO - Mycket höga risker: 4
2025-12-15 14:21:35,996 - __main__ - INFO - Top risks antal: 5
2025-12-15 14:21:35,996 - __main__ - INFO - Priority actions antal: 5
2025-12-15 14:31:40,077 - modules.regulatorisk_modul - INFO - Regulatorisk modul initierad
2025-12-15 14:31:40,078 - modules.risk_workshop_modul - INFO - Risk Workshop-modul initierad
2025-12-15 14:31:40,078 - modules.api_sakerhet_modul - INFO - API-säkerhetsmodul initierad
2025-12-15 14:31:40,079 - modules.rapport_generator - INFO - RapportGenerator initierad - Output: C:\Users\ÄGARE\Documents\Chas\NEAB\neab_security_assessment\data\output\20251215_143139
2025-12-15 14:31:40,080 - __main__ - INFO - Tillgängliga metoder i RegulatoriskAnalys: cer_krav, config, dora_krav, gdpr_krav, kartlägg_krav, nationella_krav, nis2_krav, organisation
2025-12-15 14:31:40,081 - modules.regulatorisk_modul - INFO - Startar regulatorisk kartläggning...
2025-12-15 14:31:40,081 - modules.regulatorisk_modul - INFO - Kartläggning klar: 9 krav analyserade
2025-12-15 14:31:40,082 - modules.risk_workshop_modul - INFO - Startar riskworkshop...
2025-12-15 14:31:40,082 - modules.risk_workshop_modul - INFO - Workshop klar: 32 risker identifierade
2025-12-15 14:31:40,083 - modules.risk_workshop_modul - INFO - Genererar åtgärdsplan...
2025-12-15 14:31:40,084 - modules.risk_workshop_modul - INFO - Åtgärdsplan klar: 15 åtgärder
2025-12-15 14:31:40,085 - modules.api_sakerhet_modul - INFO - Startar API-säkerhetsanalys...
2025-12-15 14:31:40,085 - modules.api_sakerhet_modul - INFO - API-analys klar: 4 scenarios analyserade
2025-12-15 14:31:40,670 - __main__ - INFO - Antal risker för heat map: 32
2025-12-15 14:31:40,671 - __main__ - INFO - Skapar heat map: C:\Users\ÄGARE\Documents\Chas\NEAB\neab_security_assessment\data\output\20251215_143139\NEAB_Risk_Heatmap_20251215_143139.png
2025-12-15 14:31:41,098 - utils.risk_heatmap - INFO - === HEAT MAP DEBUG: Börjar plotta 32 risker ===
2025-12-15 14:31:41,220 - utils.risk_heatmap - INFO - === HEAT MAP SAMMANFATTNING ===
2025-12-15 14:31:41,220 - utils.risk_heatmap - INFO - Plottade 32 risker:
2025-12-15 14:31:41,221 - utils.risk_heatmap - INFO -   ✓ R002 (Mycket hög) - S:3, K:5 → Grid(4,2)
2025-12-15 14:31:41,221 - utils.risk_heatmap - INFO -   ✓ R003 (Mycket hög) - S:3, K:5 → Grid(4,2)
2025-12-15 14:31:41,222 - utils.risk_heatmap - INFO -   ✓ R006 (Mycket hög) - S:3, K:5 → Grid(4,2)
2025-12-15 14:31:41,222 - utils.risk_heatmap - INFO -   ✓ R008 (Mycket hög) - S:3, K:5 → Grid(4,2)
2025-12-15 14:31:41,223 - utils.risk_heatmap - INFO -   ✓ R001 (Hög) - S:3, K:4 → Grid(3,2)
2025-12-15 14:31:41,223 - utils.risk_heatmap - INFO -   ✓ R007 (Hög) - S:3, K:4 → Grid(3,2)
2025-12-15 14:31:41,224 - utils.risk_heatmap - INFO -   ✓ R031 (Hög) - S:3, K:4 → Grid(3,2)
2025-12-15 14:31:41,224 - utils.risk_heatmap - INFO -   ✓ R004 (Hög) - S:2, K:5 → Grid(4,3)
2025-12-15 14:31:41,225 - utils.risk_heatmap - INFO -   ✓ R012 (Hög) - S:2, K:5 → Grid(4,3)
2025-12-15 14:31:41,225 - utils.risk_heatmap - INFO -   ✓ R023 (Hög) - S:2, K:5 → Grid(4,3)
2025-12-15 14:31:41,226 - utils.risk_heatmap - INFO -   ... och 22 till
2025-12-15 14:31:41,979 - __main__ - INFO - Försöker generera_komplett_paket...
2025-12-15 14:31:41,979 - modules.rapport_generator - INFO - Genererar komplett rapportpaket...
2025-12-15 14:31:41,988 - __main__ - WARNING - generera_komplett_paket misslyckades: unsupported operand type(s) for /: 'str' and 'str'
2025-12-15 14:31:41,988 - __main__ - INFO - Letar efter Excel-fil i output-mappen...
2025-12-15 14:31:41,989 - __main__ - INFO - Skapar Excel med backup-generator...
2025-12-15 14:31:42,180 - utils.excel_backup_generator - INFO - Excel backup skapad: C:\Users\ÄGARE\Documents\Chas\NEAB\neab_security_assessment\data\output\20251215_143139\NEAB_Sakerhetsanalys_20251215_143139.xlsx
2025-12-15 14:31:42,181 - __main__ - INFO - Backup Excel skapad: C:\Users\ÄGARE\Documents\Chas\NEAB\neab_security_assessment\data\output\20251215_143139\NEAB_Sakerhetsanalys_20251215_143139.xlsx
2025-12-15 14:31:42,182 - __main__ - INFO - === DEBUG: Förbereder PDF-data ===
2025-12-15 14:31:42,183 - __main__ - INFO - Resultat nycklar: ['regulatorisk', 'risk', 'mitigering', 'api', 'heatmap_path']
2025-12-15 14:31:42,183 - __main__ - INFO - Regulatorisk nycklar: ['krav', 'statistik', 'sammanfattning', 'prioriterade_åtgärder', 'efterlevnad_procent']
2025-12-15 14:31:42,184 - __main__ - INFO - Risk nycklar: ['risker', 'riskmatris', 'sammanfattning', 'top_risker', 'tillgangar', 'riskfordelning']
2025-12-15 14:31:42,184 - __main__ - INFO - Mitigering nycklar: ['åtgärder', 'sammanfattning', 'budget_estimat', 'tidslinje']
2025-12-15 14:31:42,185 - __main__ - INFO - Antal krav: 9
2025-12-15 14:31:42,185 - __main__ - INFO - Exempel krav struktur: ['Regelverk', 'Artikel', 'Krav', 'Tillämpning', 'Status', 'Gap-analys', 'Föreslagen åtgärd', 'CIS Controls']
2025-12-15 14:31:42,185 - __main__ - INFO - Antal risker: 32
2025-12-15 14:31:42,186 - __main__ - INFO - Exempel risk struktur: ['Risk-ID', 'Tillgång / område', 'Hot', 'STRIDE', 'Sårbarhet', 'Konsekvens', 'CIA-påverkan', 'Konsekvensnivå', 'Sannolikhet', 'Riskvärde', 'Risknivå', 'Befintliga kontroller', 'Regelverk', 'Kommentar']
2025-12-15 14:31:42,186 - __main__ - INFO - Första risken: {'Risk-ID': 'R002', 'Tillgång / område': 'Identitets- och behörighetsplattform', 'Hot': 'Ransomware via kontors-IT', 'STRIDE': 'Denial of Service (Överbelastning)', 'Sårbarhet': 'Bristande zonindelning IT/OT, delade autentiseringstjänster', 'Konsekvens': 'Driftstopp, målvärde: RTO 2 h', 'CIA-påverkan': 'A', 'Konsekvensnivå': 5, 'Sannolikhet': 3, 'Riskvärde': 15, 'Risknivå': 'Mycket hög', 'Befintliga kontroller': 'Åtkomstkontroll (delvis MFA); Loggning till SIEM; Backup med RTO 2 h', 'Regelverk': 'NIS2 Art. 21', 'Kommentar': 'Krypterad data och system via phishing, risk för sidoförflyttning mot OT'}
2025-12-15 14:31:42,186 - __main__ - INFO - Top risk: Ransomware via kontors-IT (Identitets- och behörighetsplattform) - Mycket hög
2025-12-15 14:31:42,187 - __main__ - INFO - Top risk: Ransomware via kontors-IT (SCADA/DCS) - Mycket hög
2025-12-15 14:31:42,187 - __main__ - INFO - Top risk: Phishing / MFA-trötthet (Identitets- och behörighetsplattform) - Mycket hög
2025-12-15 14:31:42,187 - __main__ - INFO - Top risk: Phishing / MFA-trötthet (Driftcentral) - Mycket hög
2025-12-15 14:31:42,188 - __main__ - INFO - Top risk: Ransomware via kontors-IT (Kund- och faktureringssystem) - Hög
2025-12-15 14:31:42,188 - __main__ - INFO - Top risks slutresultat: ['Ransomware via kontors-IT (Identitets- och behörighetsplattform) - Mycket hög', 'Ransomware via kontors-IT (SCADA/DCS) - Mycket hög', 'Phishing / MFA-trötthet (Identitets- och behörighetsplattform) - Mycket hög', 'Phishing / MFA-trötthet (Driftcentral) - Mycket hög', 'Ransomware via kontors-IT (Kund- och faktureringssystem) - Hög']
2025-12-15 14:31:42,188 - __main__ - INFO - Regulatory gaps: 7
2025-12-15 14:31:42,189 - __main__ - INFO - Antal åtgärder: 15
2025-12-15 14:31:42,189 - __main__ - INFO - Exempel åtgärd: {'Åtgärds-ID': 'Å001', 'Risk-ID': 'R002', 'Beskrivning': 'Implementera Zero Trust-segmentering mellan IT och OT. Inför EDR på alla endpoints.', 'Strategi': 'Reducera', 'CIS Controls': 'CIS 4.1, CIS 4.2, CIS 10.1, CIS 13.2', 'Ansvarig roll': 'IT-chef / OT-säkerhetsansvarig', 'Planerat datum': '2026-06-13', 'Kostnad': 'H', 'Effekt': 'H', 'Status': 'Planerad', 'Kvarvarande risk': 'Medel', 'Implementation': 'Kartlägg alla dataflöden IT-OT; Upphandla EDR-lösning; Implementera mikrosegmentering; Testa återställning från backup'}
2025-12-15 14:31:42,189 - __main__ - INFO - Bearbetar åtgärd 1: ['Åtgärds-ID', 'Risk-ID', 'Beskrivning', 'Strategi', 'CIS Controls', 'Ansvarig roll', 'Planerat datum', 'Kostnad', 'Effekt', 'Status', 'Kvarvarande risk', 'Implementation']
2025-12-15 14:31:42,189 - __main__ - INFO - Åtgärd 1 tillagd: Implementera Zero Trust-segmentering mellan IT och OT. Inför EDR på alla endpoin...
2025-12-15 14:31:42,190 - __main__ - INFO - Bearbetar åtgärd 2: ['Åtgärds-ID', 'Risk-ID', 'Beskrivning', 'Strategi', 'CIS Controls', 'Ansvarig roll', 'Planerat datum', 'Kostnad', 'Effekt', 'Status', 'Kvarvarande risk', 'Implementation']
2025-12-15 14:31:42,190 - __main__ - INFO - Åtgärd 2 är duplikat, skippar
2025-12-15 14:31:42,190 - __main__ - INFO - Bearbetar åtgärd 3: ['Åtgärds-ID', 'Risk-ID', 'Beskrivning', 'Strategi', 'CIS Controls', 'Ansvarig roll', 'Planerat datum', 'Kostnad', 'Effekt', 'Status', 'Kvarvarande risk', 'Implementation']
2025-12-15 14:31:42,191 - __main__ - INFO - Åtgärd 2 tillagd: Komplettera MFA-införande till 100%. Genomför obligatorisk phishing-utbildning k...
2025-12-15 14:31:42,191 - __main__ - INFO - Bearbetar åtgärd 4: ['Åtgärds-ID', 'Risk-ID', 'Beskrivning', 'Strategi', 'CIS Controls', 'Ansvarig roll', 'Planerat datum', 'Kostnad', 'Effekt', 'Status', 'Kvarvarande risk', 'Implementation']
2025-12-15 14:31:42,191 - __main__ - INFO - Åtgärd 4 är duplikat, skippar
2025-12-15 14:31:42,192 - __main__ - INFO - Bearbetar åtgärd 5: ['Åtgärds-ID', 'Risk-ID', 'Beskrivning', 'Strategi', 'CIS Controls', 'Ansvarig roll', 'Planerat datum', 'Kostnad', 'Effekt', 'Status', 'Kvarvarande risk', 'Implementation']
2025-12-15 14:31:42,192 - __main__ - INFO - Åtgärd 5 är duplikat, skippar
2025-12-15 14:31:42,192 - __main__ - INFO - Bearbetar åtgärd 6: ['Åtgärds-ID', 'Risk-ID', 'Beskrivning', 'Strategi', 'CIS Controls', 'Ansvarig roll', 'Planerat datum', 'Kostnad', 'Effekt', 'Status', 'Kvarvarande risk', 'Implementation']
2025-12-15 14:31:42,193 - __main__ - INFO - Åtgärd 6 är duplikat, skippar
2025-12-15 14:31:42,193 - __main__ - INFO - Bearbetar åtgärd 7: ['Åtgärds-ID', 'Risk-ID', 'Beskrivning', 'Strategi', 'CIS Controls', 'Ansvarig roll', 'Planerat datum', 'Kostnad', 'Effekt', 'Status', 'Kvarvarande risk', 'Implementation']
2025-12-15 14:31:42,193 - __main__ - INFO - Åtgärd 3 tillagd: Åtgärda identifierad risk: Bristande efterlevnad av GDPR Art. 35...
2025-12-15 14:31:42,194 - __main__ - INFO - Bearbetar åtgärd 8: ['Åtgärds-ID', 'Risk-ID', 'Beskrivning', 'Strategi', 'CIS Controls', 'Ansvarig roll', 'Planerat datum', 'Kostnad', 'Effekt', 'Status', 'Kvarvarande risk', 'Implementation']
2025-12-15 14:31:42,194 - __main__ - INFO - Åtgärd 4 tillagd: Inför PAM (Privileged Access Management) för all leverantörsåtkomst med MFA och ...
2025-12-15 14:31:42,194 - __main__ - INFO - Bearbetar åtgärd 9: ['Åtgärds-ID', 'Risk-ID', 'Beskrivning', 'Strategi', 'CIS Controls', 'Ansvarig roll', 'Planerat datum', 'Kostnad', 'Effekt', 'Status', 'Kvarvarande risk', 'Implementation']
2025-12-15 14:31:42,195 - __main__ - INFO - Åtgärd 5 tillagd: Implementera API-säkerhetslösning med rate limiting, token rotation och logging...
2025-12-15 14:31:42,195 - __main__ - INFO - Priority actions: ['Implementera Zero Trust-segmentering mellan IT och OT. Inför EDR på alla endpoints.', 'Komplettera MFA-införande till 100%. Genomför obligatorisk phishing-utbildning kvartalsvis.', 'Åtgärda identifierad risk: Bristande efterlevnad av GDPR Art. 35', 'Inför PAM (Privileged Access Management) för all leverantörsåtkomst med MFA och tidsbegränsning', 'Implementera API-säkerhetslösning med rate limiting, token rotation och logging']
2025-12-15 14:31:42,195 - __main__ - INFO - Riskfördelning visar alla som 'Okänd', räknar om från risker...
2025-12-15 14:31:42,204 - __main__ - INFO - Ny riskfördelning: {'Mycket hög': 4, 'Hög': 7, 'Medel': 20, 'Låg': 1}
2025-12-15 14:31:42,204 - __main__ - INFO - Risk distribution: {'Mycket hög': 4, 'Hög': 7, 'Medel': 20, 'Låg': 1}
2025-12-15 14:31:42,205 - __main__ - INFO - === PDF data sammanfattning ===
2025-12-15 14:31:42,205 - __main__ - INFO - Compliance: 22.22222222222222%
2025-12-15 14:31:42,206 - __main__ - INFO - Mycket höga risker: 4
2025-12-15 14:31:42,206 - __main__ - INFO - Top risks antal: 5
2025-12-15 14:31:42,206 - __main__ - INFO - Priority actions antal: 5
2025-12-15 15:05:30,234 - modules.regulatorisk_modul - INFO - Regulatorisk modul initierad
2025-12-15 15:05:30,235 - modules.risk_workshop_modul - INFO - Risk Workshop-modul initierad
2025-12-15 15:05:30,235 - modules.api_sakerhet_modul - INFO - API-säkerhetsmodul initierad
2025-12-15 15:05:30,236 - modules.rapport_generator - INFO - RapportGenerator initierad - Output: C:\Users\ÄGARE\Documents\Chas\NEAB\neab_security_assessment\data\output\20251215_150529
2025-12-15 15:05:30,238 - __main__ - INFO - Tillgängliga metoder i RegulatoriskAnalys: cer_krav, config, dora_krav, gdpr_krav, kartlägg_krav, nationella_krav, nis2_krav, organisation
2025-12-15 15:05:30,238 - modules.regulatorisk_modul - INFO - Startar regulatorisk kartläggning...
2025-12-15 15:05:30,239 - modules.regulatorisk_modul - INFO - Kartläggning klar: 9 krav analyserade
2025-12-15 15:05:30,241 - modules.risk_workshop_modul - INFO - Startar riskworkshop...
2025-12-15 15:05:30,242 - modules.risk_workshop_modul - INFO - Workshop klar: 32 risker identifierade
2025-12-15 15:05:30,244 - modules.risk_workshop_modul - INFO - Genererar åtgärdsplan...
2025-12-15 15:05:30,245 - modules.risk_workshop_modul - INFO - Åtgärdsplan klar: 15 åtgärder
2025-12-15 15:05:30,246 - modules.api_sakerhet_modul - INFO - Startar API-säkerhetsanalys...
2025-12-15 15:05:30,246 - modules.api_sakerhet_modul - INFO - API-analys klar: 4 scenarios analyserade
2025-12-15 15:05:30,814 - __main__ - INFO - Antal risker för heat map: 32
2025-12-15 15:05:30,815 - __main__ - INFO - Skapar heat map: C:\Users\ÄGARE\Documents\Chas\NEAB\neab_security_assessment\data\output\20251215_150529\NEAB_Risk_Heatmap_20251215_150529.png
2025-12-15 15:05:31,237 - utils.risk_heatmap - INFO - === HEAT MAP DEBUG: Börjar plotta 32 risker ===
2025-12-15 15:05:31,353 - utils.risk_heatmap - INFO - === HEAT MAP SAMMANFATTNING ===
2025-12-15 15:05:31,354 - utils.risk_heatmap - INFO - Plottade 32 risker:
2025-12-15 15:05:31,354 - utils.risk_heatmap - INFO -   ✓ R002 (Mycket hög) - S:3, K:5 → Grid(4,2)
2025-12-15 15:05:31,355 - utils.risk_heatmap - INFO -   ✓ R003 (Mycket hög) - S:3, K:5 → Grid(4,2)
2025-12-15 15:05:31,355 - utils.risk_heatmap - INFO -   ✓ R006 (Mycket hög) - S:3, K:5 → Grid(4,2)
2025-12-15 15:05:31,356 - utils.risk_heatmap - INFO -   ✓ R008 (Mycket hög) - S:3, K:5 → Grid(4,2)
2025-12-15 15:05:31,357 - utils.risk_heatmap - INFO -   ✓ R001 (Hög) - S:3, K:4 → Grid(3,2)
2025-12-15 15:05:31,357 - utils.risk_heatmap - INFO -   ✓ R007 (Hög) - S:3, K:4 → Grid(3,2)
2025-12-15 15:05:31,358 - utils.risk_heatmap - INFO -   ✓ R031 (Hög) - S:3, K:4 → Grid(3,2)
2025-12-15 15:05:31,359 - utils.risk_heatmap - INFO -   ✓ R004 (Hög) - S:2, K:5 → Grid(4,3)
2025-12-15 15:05:31,359 - utils.risk_heatmap - INFO -   ✓ R012 (Hög) - S:2, K:5 → Grid(4,3)
2025-12-15 15:05:31,360 - utils.risk_heatmap - INFO -   ✓ R023 (Hög) - S:2, K:5 → Grid(4,3)
2025-12-15 15:05:31,361 - utils.risk_heatmap - INFO -   ... och 22 till
2025-12-15 15:05:31,898 - __main__ - INFO - Försöker generera_komplett_paket...
2025-12-15 15:05:31,899 - modules.rapport_generator - INFO - Genererar komplett rapportpaket...
2025-12-15 15:05:31,908 - __main__ - WARNING - generera_komplett_paket misslyckades: unsupported operand type(s) for /: 'str' and 'str'
2025-12-15 15:05:31,908 - __main__ - INFO - Letar efter Excel-fil i output-mappen...
2025-12-15 15:05:31,909 - __main__ - INFO - Skapar Excel med backup-generator...
2025-12-15 15:05:32,062 - utils.excel_backup_generator - INFO - Excel backup skapad: C:\Users\ÄGARE\Documents\Chas\NEAB\neab_security_assessment\data\output\20251215_150529\NEAB_Sakerhetsanalys_20251215_150529.xlsx
2025-12-15 15:05:32,062 - __main__ - INFO - Backup Excel skapad: C:\Users\ÄGARE\Documents\Chas\NEAB\neab_security_assessment\data\output\20251215_150529\NEAB_Sakerhetsanalys_20251215_150529.xlsx
2025-12-15 15:05:32,064 - __main__ - INFO - === DEBUG: Förbereder PDF-data ===
2025-12-15 15:05:32,065 - __main__ - INFO - Resultat nycklar: ['regulatorisk', 'risk', 'mitigering', 'api', 'heatmap_path']
2025-12-15 15:05:32,065 - __main__ - INFO - Regulatorisk nycklar: ['krav', 'statistik', 'sammanfattning', 'prioriterade_åtgärder', 'efterlevnad_procent']
2025-12-15 15:05:32,066 - __main__ - INFO - Risk nycklar: ['risker', 'riskmatris', 'sammanfattning', 'top_risker', 'tillgangar', 'riskfordelning']
2025-12-15 15:05:32,066 - __main__ - INFO - Mitigering nycklar: ['åtgärder', 'sammanfattning', 'budget_estimat', 'tidslinje']
2025-12-15 15:05:32,067 - __main__ - INFO - Antal krav: 9
2025-12-15 15:05:32,067 - __main__ - INFO - Exempel krav struktur: ['Regelverk', 'Artikel', 'Krav', 'Tillämpning', 'Status', 'Gap-analys', 'Föreslagen åtgärd', 'CIS Controls']
2025-12-15 15:05:32,068 - __main__ - INFO - Antal risker: 32
2025-12-15 15:05:32,068 - __main__ - INFO - Exempel risk struktur: ['Risk-ID', 'Tillgång / område', 'Hot', 'STRIDE', 'Sårbarhet', 'Konsekvens', 'CIA-påverkan', 'Konsekvensnivå', 'Sannolikhet', 'Riskvärde', 'Risknivå', 'Befintliga kontroller', 'Regelverk', 'Kommentar']
2025-12-15 15:05:32,069 - __main__ - INFO - Första risken: {'Risk-ID': 'R002', 'Tillgång / område': 'Identitets- och behörighetsplattform', 'Hot': 'Ransomware via kontors-IT', 'STRIDE': 'Denial of Service (Överbelastning)', 'Sårbarhet': 'Bristande zonindelning IT/OT, delade autentiseringstjänster', 'Konsekvens': 'Driftstopp, målvärde: RTO 2 h', 'CIA-påverkan': 'A', 'Konsekvensnivå': 5, 'Sannolikhet': 3, 'Riskvärde': 15, 'Risknivå': 'Mycket hög', 'Befintliga kontroller': 'Åtkomstkontroll (delvis MFA); Loggning till SIEM; Backup med RTO 2 h', 'Regelverk': 'NIS2 Art. 21', 'Kommentar': 'Krypterad data och system via phishing, risk för sidoförflyttning mot OT'}
2025-12-15 15:05:32,069 - __main__ - INFO - Top risk: Ransomware via kontors-IT (Identitets- och behörighetsplattform) - Mycket hög
2025-12-15 15:05:32,069 - __main__ - INFO - Top risk: Ransomware via kontors-IT (SCADA/DCS) - Mycket hög
2025-12-15 15:05:32,070 - __main__ - INFO - Top risk: Phishing / MFA-trötthet (Identitets- och behörighetsplattform) - Mycket hög
2025-12-15 15:05:32,070 - __main__ - INFO - Top risk: Phishing / MFA-trötthet (Driftcentral) - Mycket hög
2025-12-15 15:05:32,071 - __main__ - INFO - Top risk: Ransomware via kontors-IT (Kund- och faktureringssystem) - Hög
2025-12-15 15:05:32,071 - __main__ - INFO - Top risks slutresultat: ['Ransomware via kontors-IT (Identitets- och behörighetsplattform) - Mycket hög', 'Ransomware via kontors-IT (SCADA/DCS) - Mycket hög', 'Phishing / MFA-trötthet (Identitets- och behörighetsplattform) - Mycket hög', 'Phishing / MFA-trötthet (Driftcentral) - Mycket hög', 'Ransomware via kontors-IT (Kund- och faktureringssystem) - Hög']
2025-12-15 15:05:32,072 - __main__ - INFO - Regulatory gaps: 7
2025-12-15 15:05:32,072 - __main__ - INFO - Antal åtgärder: 15
2025-12-15 15:05:32,073 - __main__ - INFO - Exempel åtgärd: {'Åtgärds-ID': 'Å001', 'Risk-ID': 'R002', 'Beskrivning': 'Implementera Zero Trust-segmentering mellan IT och OT. Inför EDR på alla endpoints.', 'Strategi': 'Reducera', 'CIS Controls': 'CIS 4.1, CIS 4.2, CIS 10.1, CIS 13.2', 'Ansvarig roll': 'IT-chef / OT-säkerhetsansvarig', 'Planerat datum': '2026-06-13', 'Kostnad': 'H', 'Effekt': 'H', 'Status': 'Planerad', 'Kvarvarande risk': 'Medel', 'Implementation': 'Kartlägg alla dataflöden IT-OT; Upphandla EDR-lösning; Implementera mikrosegmentering; Testa återställning från backup'}
2025-12-15 15:05:32,073 - __main__ - INFO - Bearbetar åtgärd 1: ['Åtgärds-ID', 'Risk-ID', 'Beskrivning', 'Strategi', 'CIS Controls', 'Ansvarig roll', 'Planerat datum', 'Kostnad', 'Effekt', 'Status', 'Kvarvarande risk', 'Implementation']
2025-12-15 15:05:32,074 - __main__ - INFO - Åtgärd 1 tillagd: Implementera Zero Trust-segmentering mellan IT och OT. Inför EDR på alla endpoin...
2025-12-15 15:05:32,074 - __main__ - INFO - Bearbetar åtgärd 2: ['Åtgärds-ID', 'Risk-ID', 'Beskrivning', 'Strategi', 'CIS Controls', 'Ansvarig roll', 'Planerat datum', 'Kostnad', 'Effekt', 'Status', 'Kvarvarande risk', 'Implementation']
2025-12-15 15:05:32,075 - __main__ - INFO - Åtgärd 2 är duplikat, skippar
2025-12-15 15:05:32,075 - __main__ - INFO - Bearbetar åtgärd 3: ['Åtgärds-ID', 'Risk-ID', 'Beskrivning', 'Strategi', 'CIS Controls', 'Ansvarig roll', 'Planerat datum', 'Kostnad', 'Effekt', 'Status', 'Kvarvarande risk', 'Implementation']
2025-12-15 15:05:32,076 - __main__ - INFO - Åtgärd 2 tillagd: Komplettera MFA-införande till 100%. Genomför obligatorisk phishing-utbildning k...
2025-12-15 15:05:32,076 - __main__ - INFO - Bearbetar åtgärd 4: ['Åtgärds-ID', 'Risk-ID', 'Beskrivning', 'Strategi', 'CIS Controls', 'Ansvarig roll', 'Planerat datum', 'Kostnad', 'Effekt', 'Status', 'Kvarvarande risk', 'Implementation']
2025-12-15 15:05:32,077 - __main__ - INFO - Åtgärd 4 är duplikat, skippar
2025-12-15 15:05:32,077 - __main__ - INFO - Bearbetar åtgärd 5: ['Åtgärds-ID', 'Risk-ID', 'Beskrivning', 'Strategi', 'CIS Controls', 'Ansvarig roll', 'Planerat datum', 'Kostnad', 'Effekt', 'Status', 'Kvarvarande risk', 'Implementation']
2025-12-15 15:05:32,077 - __main__ - INFO - Åtgärd 5 är duplikat, skippar
2025-12-15 15:05:32,078 - __main__ - INFO - Bearbetar åtgärd 6: ['Åtgärds-ID', 'Risk-ID', 'Beskrivning', 'Strategi', 'CIS Controls', 'Ansvarig roll', 'Planerat datum', 'Kostnad', 'Effekt', 'Status', 'Kvarvarande risk', 'Implementation']
2025-12-15 15:05:32,078 - __main__ - INFO - Åtgärd 6 är duplikat, skippar
2025-12-15 15:05:32,078 - __main__ - INFO - Bearbetar åtgärd 7: ['Åtgärds-ID', 'Risk-ID', 'Beskrivning', 'Strategi', 'CIS Controls', 'Ansvarig roll', 'Planerat datum', 'Kostnad', 'Effekt', 'Status', 'Kvarvarande risk', 'Implementation']
2025-12-15 15:05:32,079 - __main__ - INFO - Åtgärd 3 tillagd: Åtgärda identifierad risk: Bristande efterlevnad av GDPR Art. 35...
2025-12-15 15:05:32,079 - __main__ - INFO - Bearbetar åtgärd 8: ['Åtgärds-ID', 'Risk-ID', 'Beskrivning', 'Strategi', 'CIS Controls', 'Ansvarig roll', 'Planerat datum', 'Kostnad', 'Effekt', 'Status', 'Kvarvarande risk', 'Implementation']
2025-12-15 15:05:32,080 - __main__ - INFO - Åtgärd 4 tillagd: Inför PAM (Privileged Access Management) för all leverantörsåtkomst med MFA och ...
2025-12-15 15:05:32,080 - __main__ - INFO - Bearbetar åtgärd 9: ['Åtgärds-ID', 'Risk-ID', 'Beskrivning', 'Strategi', 'CIS Controls', 'Ansvarig roll', 'Planerat datum', 'Kostnad', 'Effekt', 'Status', 'Kvarvarande risk', 'Implementation']
2025-12-15 15:05:32,080 - __main__ - INFO - Åtgärd 5 tillagd: Implementera API-säkerhetslösning med rate limiting, token rotation och logging...
2025-12-15 15:05:32,081 - __main__ - INFO - Priority actions: ['Implementera Zero Trust-segmentering mellan IT och OT. Inför EDR på alla endpoints.', 'Komplettera MFA-införande till 100%. Genomför obligatorisk phishing-utbildning kvartalsvis.', 'Åtgärda identifierad risk: Bristande efterlevnad av GDPR Art. 35', 'Inför PAM (Privileged Access Management) för all leverantörsåtkomst med MFA och tidsbegränsning', 'Implementera API-säkerhetslösning med rate limiting, token rotation och logging']
2025-12-15 15:05:32,081 - __main__ - INFO - Riskfördelning visar alla som 'Okänd', räknar om från risker...
2025-12-15 15:05:32,082 - __main__ - INFO - Ny riskfördelning: {'Mycket hög': 4, 'Hög': 7, 'Medel': 20, 'Låg': 1}
2025-12-15 15:05:32,082 - __main__ - INFO - Risk distribution: {'Mycket hög': 4, 'Hög': 7, 'Medel': 20, 'Låg': 1}
2025-12-15 15:05:32,083 - __main__ - INFO - === PDF data sammanfattning ===
2025-12-15 15:05:32,083 - __main__ - INFO - Compliance: 22.22222222222222%
2025-12-15 15:05:32,084 - __main__ - INFO - Mycket höga risker: 4
2025-12-15 15:05:32,085 - __main__ - INFO - Top risks antal: 5
2025-12-15 15:05:32,085 - __main__ - INFO - Priority actions antal: 5
2025-12-15 16:28:28,007 - modules.regulatorisk_modul - INFO - Regulatorisk modul initierad
2025-12-15 16:28:28,007 - modules.risk_workshop_modul - INFO - Risk Workshop-modul initierad
2025-12-15 16:28:28,008 - modules.api_sakerhet_modul - INFO - API-säkerhetsmodul initierad
2025-12-15 16:28:28,008 - modules.rapport_generator - INFO - RapportGenerator initierad - Output: C:\Users\ÄGARE\Documents\Chas\NEAB\neab_security_assessment\data\output\20251215_162827
2025-12-15 16:28:28,010 - __main__ - INFO - Tillgängliga metoder i RegulatoriskAnalys: cer_krav, config, dora_krav, gdpr_krav, kartlägg_krav, nationella_krav, nis2_krav, organisation
2025-12-15 16:28:28,010 - modules.regulatorisk_modul - INFO - Startar regulatorisk kartläggning...
2025-12-15 16:28:28,010 - modules.regulatorisk_modul - INFO - Kartläggning klar: 9 krav analyserade
2025-12-15 16:28:28,011 - modules.risk_workshop_modul - INFO - Startar riskworkshop...
2025-12-15 16:28:28,012 - modules.risk_workshop_modul - INFO - Workshop klar: 32 risker identifierade
2025-12-15 16:28:28,013 - modules.risk_workshop_modul - INFO - Genererar åtgärdsplan...
2025-12-15 16:28:28,014 - modules.risk_workshop_modul - INFO - Åtgärdsplan klar: 15 åtgärder
2025-12-15 16:28:28,016 - modules.api_sakerhet_modul - INFO - Startar API-säkerhetsanalys...
2025-12-15 16:28:28,016 - modules.api_sakerhet_modul - INFO - API-analys klar: 4 scenarios analyserade
2025-12-15 16:28:28,540 - __main__ - INFO - Antal risker för heat map: 32
2025-12-15 16:28:28,541 - __main__ - INFO - Skapar heat map: C:\Users\ÄGARE\Documents\Chas\NEAB\neab_security_assessment\data\output\20251215_162827\NEAB_Risk_Heatmap_20251215_162827.png
2025-12-15 16:28:28,870 - utils.risk_heatmap - INFO - === HEAT MAP DEBUG: Börjar plotta 32 risker ===
2025-12-15 16:28:28,971 - utils.risk_heatmap - INFO - === HEAT MAP SAMMANFATTNING ===
2025-12-15 16:28:28,971 - utils.risk_heatmap - INFO - Plottade 32 risker:
2025-12-15 16:28:28,972 - utils.risk_heatmap - INFO -   ✓ R002 (Mycket hög) - S:3, K:5 → Grid(4,2)
2025-12-15 16:28:28,972 - utils.risk_heatmap - INFO -   ✓ R003 (Mycket hög) - S:3, K:5 → Grid(4,2)
2025-12-15 16:28:28,973 - utils.risk_heatmap - INFO -   ✓ R006 (Mycket hög) - S:3, K:5 → Grid(4,2)
2025-12-15 16:28:28,973 - utils.risk_heatmap - INFO -   ✓ R008 (Mycket hög) - S:3, K:5 → Grid(4,2)
2025-12-15 16:28:28,974 - utils.risk_heatmap - INFO -   ✓ R001 (Hög) - S:3, K:4 → Grid(3,2)
2025-12-15 16:28:28,974 - utils.risk_heatmap - INFO -   ✓ R007 (Hög) - S:3, K:4 → Grid(3,2)
2025-12-15 16:28:28,975 - utils.risk_heatmap - INFO -   ✓ R031 (Hög) - S:3, K:4 → Grid(3,2)
2025-12-15 16:28:28,975 - utils.risk_heatmap - INFO -   ✓ R004 (Hög) - S:2, K:5 → Grid(4,3)
2025-12-15 16:28:28,975 - utils.risk_heatmap - INFO -   ✓ R012 (Hög) - S:2, K:5 → Grid(4,3)
2025-12-15 16:28:28,976 - utils.risk_heatmap - INFO -   ✓ R023 (Hög) - S:2, K:5 → Grid(4,3)
2025-12-15 16:28:28,976 - utils.risk_heatmap - INFO -   ... och 22 till
2025-12-15 16:28:29,519 - __main__ - INFO - Försöker generera_komplett_paket...
2025-12-15 16:28:29,519 - modules.rapport_generator - INFO - Genererar komplett rapportpaket...
2025-12-15 16:28:29,527 - __main__ - WARNING - generera_komplett_paket misslyckades: unsupported operand type(s) for /: 'str' and 'str'
2025-12-15 16:28:29,528 - __main__ - INFO - Letar efter Excel-fil i output-mappen...
2025-12-15 16:28:29,528 - __main__ - INFO - Skapar Excel med backup-generator...
2025-12-15 16:28:29,678 - utils.excel_backup_generator - INFO - Excel backup skapad: C:\Users\ÄGARE\Documents\Chas\NEAB\neab_security_assessment\data\output\20251215_162827\NEAB_Sakerhetsanalys_20251215_162827.xlsx
2025-12-15 16:28:29,679 - __main__ - INFO - Backup Excel skapad: C:\Users\ÄGARE\Documents\Chas\NEAB\neab_security_assessment\data\output\20251215_162827\NEAB_Sakerhetsanalys_20251215_162827.xlsx
2025-12-15 16:28:29,679 - __main__ - INFO - === DEBUG: Förbereder PDF-data ===
2025-12-15 16:28:29,680 - __main__ - INFO - Resultat nycklar: ['regulatorisk', 'risk', 'mitigering', 'api', 'heatmap_path']
2025-12-15 16:28:29,680 - __main__ - INFO - Regulatorisk nycklar: ['krav', 'statistik', 'sammanfattning', 'prioriterade_åtgärder', 'efterlevnad_procent']
2025-12-15 16:28:29,680 - __main__ - INFO - Risk nycklar: ['risker', 'riskmatris', 'sammanfattning', 'top_risker', 'tillgangar', 'riskfordelning']
2025-12-15 16:28:29,681 - __main__ - INFO - Mitigering nycklar: ['åtgärder', 'sammanfattning', 'budget_estimat', 'tidslinje']
2025-12-15 16:28:29,681 - __main__ - INFO - Antal krav: 9
2025-12-15 16:28:29,682 - __main__ - INFO - Exempel krav struktur: ['Regelverk', 'Artikel', 'Krav', 'Tillämpning', 'Status', 'Gap-analys', 'Föreslagen åtgärd', 'CIS Controls']
2025-12-15 16:28:29,682 - __main__ - INFO - Antal risker: 32
2025-12-15 16:28:29,682 - __main__ - INFO - Exempel risk struktur: ['Risk-ID', 'Tillgång / område', 'Hot', 'STRIDE', 'Sårbarhet', 'Konsekvens', 'CIA-påverkan', 'Konsekvensnivå', 'Sannolikhet', 'Riskvärde', 'Risknivå', 'Befintliga kontroller', 'Regelverk', 'Kommentar']
2025-12-15 16:28:29,683 - __main__ - INFO - Första risken: {'Risk-ID': 'R002', 'Tillgång / område': 'Identitets- och behörighetsplattform', 'Hot': 'Ransomware via kontors-IT', 'STRIDE': 'Denial of Service (Överbelastning)', 'Sårbarhet': 'Bristande zonindelning IT/OT, delade autentiseringstjänster', 'Konsekvens': 'Driftstopp, målvärde: RTO 2 h', 'CIA-påverkan': 'A', 'Konsekvensnivå': 5, 'Sannolikhet': 3, 'Riskvärde': 15, 'Risknivå': 'Mycket hög', 'Befintliga kontroller': 'Åtkomstkontroll (delvis MFA); Loggning till SIEM; Backup med RTO 2 h', 'Regelverk': 'NIS2 Art. 21', 'Kommentar': 'Krypterad data och system via phishing, risk för sidoförflyttning mot OT'}
2025-12-15 16:28:29,683 - __main__ - INFO - Top risk: Ransomware via kontors-IT (Identitets- och behörighetsplattform) - Mycket hög
2025-12-15 16:28:29,684 - __main__ - INFO - Top risk: Ransomware via kontors-IT (SCADA/DCS) - Mycket hög
2025-12-15 16:28:29,684 - __main__ - INFO - Top risk: Phishing / MFA-trötthet (Identitets- och behörighetsplattform) - Mycket hög
2025-12-15 16:28:29,684 - __main__ - INFO - Top risk: Phishing / MFA-trötthet (Driftcentral) - Mycket hög
2025-12-15 16:28:29,684 - __main__ - INFO - Top risk: Ransomware via kontors-IT (Kund- och faktureringssystem) - Hög
2025-12-15 16:28:29,685 - __main__ - INFO - Top risks slutresultat: ['Ransomware via kontors-IT (Identitets- och behörighetsplattform) - Mycket hög', 'Ransomware via kontors-IT (SCADA/DCS) - Mycket hög', 'Phishing / MFA-trötthet (Identitets- och behörighetsplattform) - Mycket hög', 'Phishing / MFA-trötthet (Driftcentral) - Mycket hög', 'Ransomware via kontors-IT (Kund- och faktureringssystem) - Hög']
2025-12-15 16:28:29,685 - __main__ - INFO - Regulatory gaps: 7
2025-12-15 16:28:29,685 - __main__ - INFO - Antal åtgärder: 15
2025-12-15 16:28:29,685 - __main__ - INFO - Exempel åtgärd: {'Åtgärds-ID': 'Å001', 'Risk-ID': 'R002', 'Beskrivning': 'Implementera Zero Trust-segmentering mellan IT och OT. Inför EDR på alla endpoints.', 'Strategi': 'Reducera', 'CIS Controls': 'CIS 4.1, CIS 4.2, CIS 10.1, CIS 13.2', 'Ansvarig roll': 'IT-chef / OT-säkerhetsansvarig', 'Planerat datum': '2026-06-13', 'Kostnad': 'H', 'Effekt': 'H', 'Status': 'Planerad', 'Kvarvarande risk': 'Medel', 'Implementation': 'Kartlägg alla dataflöden IT-OT; Upphandla EDR-lösning; Implementera mikrosegmentering; Testa återställning från backup'}
2025-12-15 16:28:29,686 - __main__ - INFO - Bearbetar åtgärd 1: ['Åtgärds-ID', 'Risk-ID', 'Beskrivning', 'Strategi', 'CIS Controls', 'Ansvarig roll', 'Planerat datum', 'Kostnad', 'Effekt', 'Status', 'Kvarvarande risk', 'Implementation']
2025-12-15 16:28:29,686 - __main__ - INFO - Åtgärd 1 tillagd: Implementera Zero Trust-segmentering mellan IT och OT. Inför EDR på alla endpoin...
2025-12-15 16:28:29,686 - __main__ - INFO - Bearbetar åtgärd 2: ['Åtgärds-ID', 'Risk-ID', 'Beskrivning', 'Strategi', 'CIS Controls', 'Ansvarig roll', 'Planerat datum', 'Kostnad', 'Effekt', 'Status', 'Kvarvarande risk', 'Implementation']
2025-12-15 16:28:29,686 - __main__ - INFO - Åtgärd 2 är duplikat, skippar
2025-12-15 16:28:29,686 - __main__ - INFO - Bearbetar åtgärd 3: ['Åtgärds-ID', 'Risk-ID', 'Beskrivning', 'Strategi', 'CIS Controls', 'Ansvarig roll', 'Planerat datum', 'Kostnad', 'Effekt', 'Status', 'Kvarvarande risk', 'Implementation']
2025-12-15 16:28:29,686 - __main__ - INFO - Åtgärd 2 tillagd: Komplettera MFA-införande till 100%. Genomför obligatorisk phishing-utbildning k...
2025-12-15 16:28:29,687 - __main__ - INFO - Bearbetar åtgärd 4: ['Åtgärds-ID', 'Risk-ID', 'Beskrivning', 'Strategi', 'CIS Controls', 'Ansvarig roll', 'Planerat datum', 'Kostnad', 'Effekt', 'Status', 'Kvarvarande risk', 'Implementation']
2025-12-15 16:28:29,687 - __main__ - INFO - Åtgärd 4 är duplikat, skippar
2025-12-15 16:28:29,687 - __main__ - INFO - Bearbetar åtgärd 5: ['Åtgärds-ID', 'Risk-ID', 'Beskrivning', 'Strategi', 'CIS Controls', 'Ansvarig roll', 'Planerat datum', 'Kostnad', 'Effekt', 'Status', 'Kvarvarande risk', 'Implementation']
2025-12-15 16:28:29,687 - __main__ - INFO - Åtgärd 5 är duplikat, skippar
2025-12-15 16:28:29,687 - __main__ - INFO - Bearbetar åtgärd 6: ['Åtgärds-ID', 'Risk-ID', 'Beskrivning', 'Strategi', 'CIS Controls', 'Ansvarig roll', 'Planerat datum', 'Kostnad', 'Effekt', 'Status', 'Kvarvarande risk', 'Implementation']
2025-12-15 16:28:29,688 - __main__ - INFO - Åtgärd 6 är duplikat, skippar
2025-12-15 16:28:29,688 - __main__ - INFO - Bearbetar åtgärd 7: ['Åtgärds-ID', 'Risk-ID', 'Beskrivning', 'Strategi', 'CIS Controls', 'Ansvarig roll', 'Planerat datum', 'Kostnad', 'Effekt', 'Status', 'Kvarvarande risk', 'Implementation']
2025-12-15 16:28:29,688 - __main__ - INFO - Åtgärd 3 tillagd: Åtgärda identifierad risk: Bristande efterlevnad av GDPR Art. 35...
2025-12-15 16:28:29,688 - __main__ - INFO - Bearbetar åtgärd 8: ['Åtgärds-ID', 'Risk-ID', 'Beskrivning', 'Strategi', 'CIS Controls', 'Ansvarig roll', 'Planerat datum', 'Kostnad', 'Effekt', 'Status', 'Kvarvarande risk', 'Implementation']
2025-12-15 16:28:29,688 - __main__ - INFO - Åtgärd 4 tillagd: Inför PAM (Privileged Access Management) för all leverantörsåtkomst med MFA och ...
2025-12-15 16:28:29,689 - __main__ - INFO - Bearbetar åtgärd 9: ['Åtgärds-ID', 'Risk-ID', 'Beskrivning', 'Strategi', 'CIS Controls', 'Ansvarig roll', 'Planerat datum', 'Kostnad', 'Effekt', 'Status', 'Kvarvarande risk', 'Implementation']
2025-12-15 16:28:29,689 - __main__ - INFO - Åtgärd 5 tillagd: Implementera API-säkerhetslösning med rate limiting, token rotation och logging...
2025-12-15 16:28:29,690 - __main__ - INFO - Priority actions: ['Implementera Zero Trust-segmentering mellan IT och OT. Inför EDR på alla endpoints.', 'Komplettera MFA-införande till 100%. Genomför obligatorisk phishing-utbildning kvartalsvis.', 'Åtgärda identifierad risk: Bristande efterlevnad av GDPR Art. 35', 'Inför PAM (Privileged Access Management) för all leverantörsåtkomst med MFA och tidsbegränsning', 'Implementera API-säkerhetslösning med rate limiting, token rotation och logging']
2025-12-15 16:28:29,690 - __main__ - INFO - Riskfördelning visar alla som 'Okänd', räknar om från risker...
2025-12-15 16:28:29,690 - __main__ - INFO - Ny riskfördelning: {'Mycket hög': 4, 'Hög': 7, 'Medel': 20, 'Låg': 1}
2025-12-15 16:28:29,691 - __main__ - INFO - Risk distribution: {'Mycket hög': 4, 'Hög': 7, 'Medel': 20, 'Låg': 1}
2025-12-15 16:28:29,691 - __main__ - INFO - === PDF data sammanfattning ===
2025-12-15 16:28:29,691 - __main__ - INFO - Compliance: 22.22222222222222%
2025-12-15 16:28:29,691 - __main__ - INFO - Mycket höga risker: 4
2025-12-15 16:28:29,692 - __main__ - INFO - Top risks antal: 5
2025-12-15 16:28:29,692 - __main__ - INFO - Priority actions antal: 5
2025-12-15 16:34:16,891 - modules.regulatorisk_modul - INFO - Regulatorisk modul initierad
2025-12-15 16:34:16,892 - modules.risk_workshop_modul - INFO - Risk Workshop-modul initierad
2025-12-15 16:34:16,892 - modules.api_sakerhet_modul - INFO - API-säkerhetsmodul initierad
2025-12-15 16:34:16,893 - modules.rapport_generator - INFO - RapportGenerator initierad - Output: C:\Users\ÄGARE\Documents\Chas\NEAB\neab_security_assessment\data\output\20251215_163416
2025-12-15 16:34:16,894 - __main__ - INFO - Tillgängliga metoder i RegulatoriskAnalys: cer_krav, config, dora_krav, gdpr_krav, kartlägg_krav, nationella_krav, nis2_krav, organisation
2025-12-15 16:34:16,895 - modules.regulatorisk_modul - INFO - Startar regulatorisk kartläggning...
2025-12-15 16:34:16,895 - modules.regulatorisk_modul - INFO - Kartläggning klar: 9 krav analyserade
2025-12-15 16:34:16,896 - modules.risk_workshop_modul - INFO - Startar riskworkshop...
2025-12-15 16:34:16,897 - modules.risk_workshop_modul - INFO - Workshop klar: 32 risker identifierade
2025-12-15 16:34:16,898 - modules.risk_workshop_modul - INFO - Genererar åtgärdsplan...
2025-12-15 16:34:16,898 - modules.risk_workshop_modul - INFO - Åtgärdsplan klar: 15 åtgärder
2025-12-15 16:34:16,899 - modules.api_sakerhet_modul - INFO - Startar API-säkerhetsanalys...
2025-12-15 16:34:16,899 - modules.api_sakerhet_modul - INFO - API-analys klar: 4 scenarios analyserade
2025-12-15 16:34:17,414 - __main__ - INFO - Antal risker för heat map: 32
2025-12-15 16:34:17,415 - __main__ - INFO - Skapar heat map: C:\Users\ÄGARE\Documents\Chas\NEAB\neab_security_assessment\data\output\20251215_163416\NEAB_Risk_Heatmap_20251215_163416.png
2025-12-15 16:34:17,697 - utils.risk_heatmap - INFO - === HEAT MAP DEBUG: Börjar plotta 32 risker ===
2025-12-15 16:34:17,801 - utils.risk_heatmap - INFO - === HEAT MAP SAMMANFATTNING ===
2025-12-15 16:34:17,802 - utils.risk_heatmap - INFO - Plottade 32 risker:
2025-12-15 16:34:17,803 - utils.risk_heatmap - INFO -   ✓ R002 (Mycket hög) - S:3, K:5 → Grid(4,2)
2025-12-15 16:34:17,803 - utils.risk_heatmap - INFO -   ✓ R003 (Mycket hög) - S:3, K:5 → Grid(4,2)
2025-12-15 16:34:17,804 - utils.risk_heatmap - INFO -   ✓ R006 (Mycket hög) - S:3, K:5 → Grid(4,2)
2025-12-15 16:34:17,804 - utils.risk_heatmap - INFO -   ✓ R008 (Mycket hög) - S:3, K:5 → Grid(4,2)
2025-12-15 16:34:17,805 - utils.risk_heatmap - INFO -   ✓ R001 (Hög) - S:3, K:4 → Grid(3,2)
2025-12-15 16:34:17,805 - utils.risk_heatmap - INFO -   ✓ R007 (Hög) - S:3, K:4 → Grid(3,2)
2025-12-15 16:34:17,806 - utils.risk_heatmap - INFO -   ✓ R031 (Hög) - S:3, K:4 → Grid(3,2)
2025-12-15 16:34:17,806 - utils.risk_heatmap - INFO -   ✓ R004 (Hög) - S:2, K:5 → Grid(4,3)
2025-12-15 16:34:17,807 - utils.risk_heatmap - INFO -   ✓ R012 (Hög) - S:2, K:5 → Grid(4,3)
2025-12-15 16:34:17,807 - utils.risk_heatmap - INFO -   ✓ R023 (Hög) - S:2, K:5 → Grid(4,3)
2025-12-15 16:34:17,807 - utils.risk_heatmap - INFO -   ... och 22 till
2025-12-15 16:34:18,253 - __main__ - INFO - Försöker generera_komplett_paket...
2025-12-15 16:34:18,254 - modules.rapport_generator - INFO - Genererar komplett rapportpaket...
2025-12-15 16:34:18,261 - __main__ - WARNING - generera_komplett_paket misslyckades: unsupported operand type(s) for /: 'str' and 'str'
2025-12-15 16:34:18,262 - __main__ - INFO - Letar efter Excel-fil i output-mappen...
2025-12-15 16:34:18,263 - __main__ - INFO - Skapar Excel med backup-generator...
2025-12-15 16:34:18,362 - utils.excel_backup_generator - INFO - Excel backup skapad: C:\Users\ÄGARE\Documents\Chas\NEAB\neab_security_assessment\data\output\20251215_163416\NEAB_Sakerhetsanalys_20251215_163416.xlsx
2025-12-15 16:34:18,362 - __main__ - INFO - Backup Excel skapad: C:\Users\ÄGARE\Documents\Chas\NEAB\neab_security_assessment\data\output\20251215_163416\NEAB_Sakerhetsanalys_20251215_163416.xlsx
2025-12-15 16:34:18,364 - __main__ - INFO - === DEBUG: Förbereder PDF-data ===
2025-12-15 16:34:18,365 - __main__ - INFO - Resultat nycklar: ['regulatorisk', 'risk', 'mitigering', 'api', 'heatmap_path']
2025-12-15 16:34:18,365 - __main__ - INFO - Regulatorisk nycklar: ['krav', 'statistik', 'sammanfattning', 'prioriterade_åtgärder', 'efterlevnad_procent']
2025-12-15 16:34:18,365 - __main__ - INFO - Risk nycklar: ['risker', 'riskmatris', 'sammanfattning', 'top_risker', 'tillgangar', 'riskfordelning']
2025-12-15 16:34:18,366 - __main__ - INFO - Mitigering nycklar: ['åtgärder', 'sammanfattning', 'budget_estimat', 'tidslinje']
2025-12-15 16:34:18,366 - __main__ - INFO - Antal krav: 9
2025-12-15 16:34:18,366 - __main__ - INFO - Exempel krav struktur: ['Regelverk', 'Artikel', 'Krav', 'Tillämpning', 'Status', 'Gap-analys', 'Föreslagen åtgärd', 'CIS Controls']
2025-12-15 16:34:18,366 - __main__ - INFO - Antal risker: 32
2025-12-15 16:34:18,366 - __main__ - INFO - Exempel risk struktur: ['Risk-ID', 'Tillgång / område', 'Hot', 'STRIDE', 'Sårbarhet', 'Konsekvens', 'CIA-påverkan', 'Konsekvensnivå', 'Sannolikhet', 'Riskvärde', 'Risknivå', 'Befintliga kontroller', 'Regelverk', 'Kommentar']
2025-12-15 16:34:18,366 - __main__ - INFO - Första risken: {'Risk-ID': 'R002', 'Tillgång / område': 'Identitets- och behörighetsplattform', 'Hot': 'Ransomware via kontors-IT', 'STRIDE': 'Denial of Service (Överbelastning)', 'Sårbarhet': 'Bristande zonindelning IT/OT, delade autentiseringstjänster', 'Konsekvens': 'Driftstopp, målvärde: RTO 2 h', 'CIA-påverkan': 'A', 'Konsekvensnivå': 5, 'Sannolikhet': 3, 'Riskvärde': 15, 'Risknivå': 'Mycket hög', 'Befintliga kontroller': 'Åtkomstkontroll (delvis MFA); Loggning till SIEM; Backup med RTO 2 h', 'Regelverk': 'NIS2 Art. 21', 'Kommentar': 'Krypterad data och system via phishing, risk för sidoförflyttning mot OT'}
2025-12-15 16:34:18,367 - __main__ - INFO - Top risk: Ransomware via kontors-IT (Identitets- och behörighetsplattform) - Mycket hög
2025-12-15 16:34:18,367 - __main__ - INFO - Top risk: Ransomware via kontors-IT (SCADA/DCS) - Mycket hög
2025-12-15 16:34:18,367 - __main__ - INFO - Top risk: Phishing / MFA-trötthet (Identitets- och behörighetsplattform) - Mycket hög
2025-12-15 16:34:18,367 - __main__ - INFO - Top risk: Phishing / MFA-trötthet (Driftcentral) - Mycket hög
2025-12-15 16:34:18,367 - __main__ - INFO - Top risk: Ransomware via kontors-IT (Kund- och faktureringssystem) - Hög
2025-12-15 16:34:18,368 - __main__ - INFO - Top risks slutresultat: ['Ransomware via kontors-IT (Identitets- och behörighetsplattform) - Mycket hög', 'Ransomware via kontors-IT (SCADA/DCS) - Mycket hög', 'Phishing / MFA-trötthet (Identitets- och behörighetsplattform) - Mycket hög', 'Phishing / MFA-trötthet (Driftcentral) - Mycket hög', 'Ransomware via kontors-IT (Kund- och faktureringssystem) - Hög']
2025-12-15 16:34:18,368 - __main__ - INFO - Regulatory gaps: 7
2025-12-15 16:34:18,368 - __main__ - INFO - Antal åtgärder: 15
2025-12-15 16:34:18,368 - __main__ - INFO - Exempel åtgärd: {'Åtgärds-ID': 'Å001', 'Risk-ID': 'R002', 'Beskrivning': 'Implementera Zero Trust-segmentering mellan IT och OT. Inför EDR på alla endpoints.', 'Strategi': 'Reducera', 'CIS Controls': 'CIS 4.1, CIS 4.2, CIS 10.1, CIS 13.2', 'Ansvarig roll': 'IT-chef / OT-säkerhetsansvarig', 'Planerat datum': '2026-06-13', 'Kostnad': 'H', 'Effekt': 'H', 'Status': 'Planerad', 'Kvarvarande risk': 'Medel', 'Implementation': 'Kartlägg alla dataflöden IT-OT; Upphandla EDR-lösning; Implementera mikrosegmentering; Testa återställning från backup'}
2025-12-15 16:34:18,368 - __main__ - INFO - Bearbetar åtgärd 1: ['Åtgärds-ID', 'Risk-ID', 'Beskrivning', 'Strategi', 'CIS Controls', 'Ansvarig roll', 'Planerat datum', 'Kostnad', 'Effekt', 'Status', 'Kvarvarande risk', 'Implementation']
2025-12-15 16:34:18,369 - __main__ - INFO - Åtgärd 1 tillagd: Implementera Zero Trust-segmentering mellan IT och OT. Inför EDR på alla endpoin...
2025-12-15 16:34:18,369 - __main__ - INFO - Bearbetar åtgärd 2: ['Åtgärds-ID', 'Risk-ID', 'Beskrivning', 'Strategi', 'CIS Controls', 'Ansvarig roll', 'Planerat datum', 'Kostnad', 'Effekt', 'Status', 'Kvarvarande risk', 'Implementation']
2025-12-15 16:34:18,369 - __main__ - INFO - Åtgärd 2 är duplikat, skippar
2025-12-15 16:34:18,369 - __main__ - INFO - Bearbetar åtgärd 3: ['Åtgärds-ID', 'Risk-ID', 'Beskrivning', 'Strategi', 'CIS Controls', 'Ansvarig roll', 'Planerat datum', 'Kostnad', 'Effekt', 'Status', 'Kvarvarande risk', 'Implementation']
2025-12-15 16:34:18,369 - __main__ - INFO - Åtgärd 2 tillagd: Komplettera MFA-införande till 100%. Genomför obligatorisk phishing-utbildning k...
2025-12-15 16:34:18,369 - __main__ - INFO - Bearbetar åtgärd 4: ['Åtgärds-ID', 'Risk-ID', 'Beskrivning', 'Strategi', 'CIS Controls', 'Ansvarig roll', 'Planerat datum', 'Kostnad', 'Effekt', 'Status', 'Kvarvarande risk', 'Implementation']
2025-12-15 16:34:18,370 - __main__ - INFO - Åtgärd 4 är duplikat, skippar
2025-12-15 16:34:18,370 - __main__ - INFO - Bearbetar åtgärd 5: ['Åtgärds-ID', 'Risk-ID', 'Beskrivning', 'Strategi', 'CIS Controls', 'Ansvarig roll', 'Planerat datum', 'Kostnad', 'Effekt', 'Status', 'Kvarvarande risk', 'Implementation']
2025-12-15 16:34:18,370 - __main__ - INFO - Åtgärd 5 är duplikat, skippar
2025-12-15 16:34:18,370 - __main__ - INFO - Bearbetar åtgärd 6: ['Åtgärds-ID', 'Risk-ID', 'Beskrivning', 'Strategi', 'CIS Controls', 'Ansvarig roll', 'Planerat datum', 'Kostnad', 'Effekt', 'Status', 'Kvarvarande risk', 'Implementation']
2025-12-15 16:34:18,371 - __main__ - INFO - Åtgärd 6 är duplikat, skippar
2025-12-15 16:34:18,371 - __main__ - INFO - Bearbetar åtgärd 7: ['Åtgärds-ID', 'Risk-ID', 'Beskrivning', 'Strategi', 'CIS Controls', 'Ansvarig roll', 'Planerat datum', 'Kostnad', 'Effekt', 'Status', 'Kvarvarande risk', 'Implementation']
2025-12-15 16:34:18,372 - __main__ - INFO - Åtgärd 3 tillagd: Åtgärda identifierad risk: Bristande efterlevnad av GDPR Art. 35...
2025-12-15 16:34:18,372 - __main__ - INFO - Bearbetar åtgärd 8: ['Åtgärds-ID', 'Risk-ID', 'Beskrivning', 'Strategi', 'CIS Controls', 'Ansvarig roll', 'Planerat datum', 'Kostnad', 'Effekt', 'Status', 'Kvarvarande risk', 'Implementation']
2025-12-15 16:34:18,373 - __main__ - INFO - Åtgärd 4 tillagd: Inför PAM (Privileged Access Management) för all leverantörsåtkomst med MFA och ...
2025-12-15 16:34:18,373 - __main__ - INFO - Bearbetar åtgärd 9: ['Åtgärds-ID', 'Risk-ID', 'Beskrivning', 'Strategi', 'CIS Controls', 'Ansvarig roll', 'Planerat datum', 'Kostnad', 'Effekt', 'Status', 'Kvarvarande risk', 'Implementation']
2025-12-15 16:34:18,374 - __main__ - INFO - Åtgärd 5 tillagd: Implementera API-säkerhetslösning med rate limiting, token rotation och logging...
2025-12-15 16:34:18,374 - __main__ - INFO - Priority actions: ['Implementera Zero Trust-segmentering mellan IT och OT. Inför EDR på alla endpoints.', 'Komplettera MFA-införande till 100%. Genomför obligatorisk phishing-utbildning kvartalsvis.', 'Åtgärda identifierad risk: Bristande efterlevnad av GDPR Art. 35', 'Inför PAM (Privileged Access Management) för all leverantörsåtkomst med MFA och tidsbegränsning', 'Implementera API-säkerhetslösning med rate limiting, token rotation och logging']
2025-12-15 16:34:18,375 - __main__ - INFO - Riskfördelning visar alla som 'Okänd', räknar om från risker...
2025-12-15 16:34:18,375 - __main__ - INFO - Ny riskfördelning: {'Mycket hög': 4, 'Hög': 7, 'Medel': 20, 'Låg': 1}
2025-12-15 16:34:18,375 - __main__ - INFO - Risk distribution: {'Mycket hög': 4, 'Hög': 7, 'Medel': 20, 'Låg': 1}
2025-12-15 16:34:18,376 - __main__ - INFO - === PDF data sammanfattning ===
2025-12-15 16:34:18,376 - __main__ - INFO - Compliance: 22.22222222222222%
2025-12-15 16:34:18,376 - __main__ - INFO - Mycket höga risker: 4
2025-12-15 16:34:18,376 - __main__ - INFO - Top risks antal: 5
2025-12-15 16:34:18,377 - __main__ - INFO - Priority actions antal: 5
